2.051,-0.01,-0.01
2.075,-0.01,-0.29
2.083,-0.02,-0.29
2.085,-0.02,-0.29
2.087,-0.03,-1.15
2.093,-0.03,-1.15
2.095,-0.03,-1.15
2.097,-0.04,-1.15
2.099,-0.05,-1.73
2.101,-0.06,-1.73
2.103,-0.06,-1.73
2.105,-0.06,-1.73
2.107,-0.07,-1.73
2.109,-0.08,-1.73
2.111,-0.08,-2.88
2.114,-0.09,-2.88
2.116,-0.1,-2.88
2.118,-0.11,-2.88
2.12,-0.12,-2.88
2.122,-0.12,-3.77
2.124,-0.14,-3.77
2.126,-0.15,-3.77
2.128,-0.16,-3.77
2.13,-0.17,-3.77
2.132,-0.18,-3.77
2.136,-0.19,-4.78
2.138,-0.2,-4.78
2.14,-0.21,-4.78
2.142,-0.23,-4.78
2.144,-0.24,-4.78
2.146,-0.26,-6.28
2.148,-0.27,-6.28
2.15,-0.28,-6.28
2.152,-0.3,-6.28
2.154,-0.31,-6.28
2.157,-0.32,-6.28
2.159,-0.35,-6.91
2.161,-0.36,-6.91
2.163,-0.38,-6.91
2.165,-0.39,-6.91
2.167,-0.41,-6.91
2.169,-0.43,-6.91
2.171,-0.45,-8.63
2.174,-0.47,-8.63
2.177,-0.49,-8.63
2.179,-0.51,-8.63
2.181,-0.52,-8.63
2.183,-0.55,-8.06
2.185,-0.57,-8.06
2.187,-0.59,-8.06
2.189,-0.61,-8.06
2.191,-0.64,-8.06
2.193,-0.66,-8.06
2.196,-0.68,-10.94
2.198,-0.7,-10.94
2.2,-0.73,-10.94
2.202,-0.75,-10.94
2.204,-0.77,-10.94
2.206,-0.79,-10.67
2.209,-0.82,-10.67
2.211,-0.84,-10.67
2.213,-0.87,-10.67
2.215,-0.89,-10.67
2.217,-0.92,-11.3
2.22,-0.95,-11.3
2.223,-0.97,-11.3
2.225,-0.99,-11.3
2.227,-1.02,-11.3
2.229,-1.05,-10.36
2.231,-1.07,-10.36
2.233,-1.1,-10.36
2.236,-1.13,-10.36
2.238,-1.15,-10.36
2.24,-1.17,-11.93
2.242,-1.2,-11.93
2.244,-1.22,-11.93
2.246,-1.25,-11.93
2.249,-1.27,-11.93
2.251,-1.3,-11.3
2.253,-1.33,-11.3
2.255,-1.35,-11.3
2.258,-1.37,-11.3
2.26,-1.4,-11.3
2.263,-1.42,-10.36
2.265,-1.44,-10.36
2.268,-1.47,-10.36
2.27,-1.49,-10.36
2.272,-1.51,-10.36
2.274,-1.54,-10.67
2.276,-1.56,-10.67
2.279,-1.58,-10.67
2.281,-1.6,-10.67
2.283,-1.62,-10.67
2.286,-1.64,-9.42
2.288,-1.66,-9.42
2.29,-1.69,-9.42
2.292,-1.7,-9.42
2.294,-1.72,-9.42
2.296,-1.74,-8.79
2.298,-1.75,-8.79
2.301,-1.78,-8.79
2.304,-1.8,-8.79
2.306,-1.81,-8.79
2.308,-1.83,-7.48
2.31,-1.84,-7.48
2.312,-1.86,-7.48
2.314,-1.88,-7.48
2.317,-1.89,-7.48
2.319,-1.91,-6.91
2.321,-1.93,-6.91
2.323,-1.94,-6.91
2.325,-1.95,-6.91
2.327,-1.97,-6.91
2.33,-1.98,-6.91
2.332,-2.0,-6.91
2.334,-2.01,-6.91
2.336,-2.02,-6.91
2.338,-2.04,-6.91
2.34,-2.05,-6.91
2.343,-2.07,-6.91
2.345,-2.08,-6.91
2.348,-2.09,-6.91
2.35,-2.11,-6.91
2.352,-2.11,-6.91
2.354,-2.13,-5.18
2.357,-2.14,-5.18
2.359,-2.15,-5.18
2.361,-2.16,-5.18
2.363,-2.17,-5.18
2.365,-2.18,-5.02
2.367,-2.19,-5.02
2.369,-2.2,-5.02
2.372,-2.21,-5.02
2.374,-2.22,-5.02
2.376,-2.23,-4.4
2.378,-2.24,-4.4
2.38,-2.25,-4.4
2.382,-2.26,-4.4
2.385,-2.27,-4.4
2.387,-2.27,-3.77
2.39,-2.28,-3.77
2.392,-2.29,-3.77
2.394,-2.29,-3.77
2.396,-2.31,-3.77
2.399,-2.31,-3.77
2.401,-2.32,-3.77
2.403,-2.33,-3.77
2.405,-2.33,-3.77
2.407,-2.33,-3.77
2.409,-2.34,-2.51
2.412,-2.35,-2.51
2.414,-2.36,-2.51
2.416,-2.36,-2.51
2.418,-2.36,-2.51
2.42,-2.37,-2.51
2.422,-2.38,-2.51
2.424,-2.38,-2.51
2.427,-2.38,-2.51
2.429,-2.39,-2.51
2.432,-2.39,-1.73
2.434,-2.4,-1.73
2.436,-2.4,-1.73
2.438,-2.4,-1.73
2.441,-2.4,-1.73
2.443,-2.41,-1.88
2.449,-2.42,-1.88
2.451,-2.42,-1.88
2.453,-2.42,-1.88
2.455,-2.42,-0.58
2.459,-2.42,-0.58
2.461,-2.42,-0.58
2.463,-2.42,-0.58
2.466,-2.42,-0.63
2.62,-2.42,0.04
2.902,-2.42,-0.02
2.916,-2.43,-0.43
2.921,-2.44,-0.43
2.923,-2.44,-0.43
2.925,-2.44,-0.43
2.927,-2.44,-1.26
2.929,-2.45,-1.26
2.931,-2.45,-1.26
2.934,-2.46,-1.26
2.936,-2.46,-1.26
2.938,-2.47,-1.88
2.94,-2.47,-1.88
2.942,-2.48,-1.88
2.945,-2.48,-1.88
2.947,-2.49,-1.88
2.949,-2.49,-2.51
2.951,-2.5,-2.51
2.954,-2.51,-2.51
2.956,-2.51,-2.51
2.958,-2.52,-2.51
2.96,-2.53,-3.14
2.962,-2.53,-3.14
2.964,-2.54,-3.14
2.966,-2.55,-3.14
2.968,-2.56,-3.14
2.97,-2.57,-3.14
2.973,-2.58,-4.03
2.975,-2.58,-4.03
2.977,-2.6,-4.03
2.979,-2.6,-4.03
2.981,-2.62,-4.03
2.983,-2.62,-4.4
2.985,-2.64,-4.4
2.988,-2.65,-4.4
2.99,-2.67,-4.4
2.993,-2.67,-4.4
2.995,-2.69,-5.18
2.997,-2.71,-5.18
2.999,-2.71,-5.18
3.001,-2.74,-5.18
3.003,-2.75,-5.18
3.005,-2.76,-5.18
3.007,-2.78,-7.48
3.01,-2.8,-7.48
3.012,-2.81,-7.48
3.014,-2.83,-7.48
3.016,-2.85,-7.48
3.018,-2.87,-8.16
3.02,-2.89,-8.16
3.022,-2.91,-8.16
3.024,-2.93,-8.16
3.026,-2.95,-8.16
3.03,-2.97,-8.63
3.032,-2.99,-8.63
3.034,-3.02,-8.63
3.036,-3.04,-8.63
3.038,-3.06,-8.63
3.04,-3.09,-8.63
3.042,-3.11,-11.51
3.045,-3.14,-11.51
3.047,-3.16,-11.51
3.049,-3.19,-11.51
3.051,-3.22,-11.51
3.053,-3.25,-12.56
3.056,-3.27,-12.56
3.058,-3.31,-12.56
3.06,-3.34,-12.56
3.062,-3.36,-12.56
3.064,-3.4,-13.81
3.066,-3.43,-13.81
3.069,-3.46,-13.81
3.072,-3.49,-13.81
3.074,-3.52,-13.81
3.076,-3.56,-13.24
3.078,-3.59,-13.24
3.081,-3.63,-13.24
3.083,-3.66,-13.24
3.085,-3.7,-13.24
3.087,-3.73,-15.07
3.089,-3.76,-15.07
3.091,-3.8,-15.07
3.094,-3.83,-15.07
3.096,-3.87,-15.07
3.098,-3.9,-15.7
3.1,-3.94,-15.7
3.102,-3.97,-15.7
3.104,-4.01,-15.7
3.107,-4.03,-15.7
3.109,-4.07,-16.33
3.111,-4.11,-16.33
3.113,-4.14,-16.33
3.116,-4.18,-16.33
3.119,-4.21,-16.33
3.121,-4.25,-14.39
3.123,-4.28,-14.39
3.125,-4.32,-14.39
3.128,-4.34,-14.39
3.13,-4.38,-14.39
3.132,-4.41,-15.07
3.134,-4.45,-15.07
3.137,-4.48,-15.07
3.139,-4.51,-15.07
3.141,-4.54,-15.07
3.143,-4.58,-15.07
3.146,-4.61,-15.07
3.148,-4.64,-15.07
3.15,-4.67,-15.07
3.152,-4.7,-15.07
3.155,-4.73,-13.81
3.158,-4.76,-13.81
3.16,-4.79,-13.81
3.162,-4.82,-13.81
3.164,-4.84,-13.81
3.167,-4.88,-11.16
3.169,-4.9,-11.16
3.171,-4.93,-11.16
3.173,-4.96,-11.16
3.176,-4.98,-11.16
3.178,-5.01,-11.93
3.18,-5.04,-11.93
3.182,-5.06,-11.93
3.185,-5.08,-11.93
3.187,-5.11,-11.93
3.189,-5.14,-11.3
3.191,-5.16,-11.3
3.194,-5.18,-11.3
3.196,-5.21,-11.3
3.198,-5.23,-11.3
3.201,-5.26,-10.36
3.204,-5.28,-10.36
3.206,-5.3,-10.36
3.208,-5.32,-10.36
3.21,-5.34,-10.36
3.213,-5.36,-9.42
3.215,-5.38,-9.42
3.217,-5.4,-9.42
3.219,-5.42,-9.42
3.221,-5.44,-9.42
3.223,-5.46,-9.42
3.226,-5.48,-9.42
3.228,-5.5,-9.42
3.23,-5.52,-9.42
3.232,-5.53,-9.42
3.234,-5.55,-8.16
3.236,-5.57,-8.16
3.238,-5.59,-8.16
3.241,-5.6,-8.16
3.244,-5.62,-8.16
3.246,-5.64,-6.91
3.248,-5.66,-6.91
3.25,-5.67,-6.91
3.252,-5.68,-6.91
3.255,-5.7,-6.91
3.257,-5.72,-7.53
3.259,-5.73,-7.53
3.261,-5.75,-7.53
3.263,-5.76,-7.53
3.265,-5.77,-7.53
3.268,-5.79,-7.53
3.27,-5.8,-6.38
3.272,-5.82,-6.38
3.274,-5.83,-6.38
3.276,-5.84,-6.38
3.278,-5.86,-6.38
3.28,-5.86,-6.38
3.283,-5.88,-5.84
3.286,-5.89,-5.84
3.288,-5.91,-5.84
3.29,-5.91,-5.84
3.292,-5.93,-5.84
3.295,-5.94,-5.65
3.297,-5.95,-5.65
3.299,-5.96,-5.65
3.301,-5.97,-5.65
3.303,-5.98,-5.65
3.305,-5.99,-4.4
3.307,-6.0,-4.4
3.31,-6.01,-4.4
3.312,-6.02,-4.4
3.314,-6.02,-4.4
3.316,-6.04,-4.4
3.318,-6.04,-4.4
3.32,-6.05,-4.4
3.322,-6.06,-4.4
3.325,-6.06,-4.4
3.328,-6.07,-2.88
3.33,-6.08,-2.88
3.332,-6.08,-2.88
3.334,-6.1,-2.88
3.336,-6.11,-2.88
3.339,-6.11,-3.14
3.341,-6.11,-3.14
3.343,-6.12,-3.14
3.345,-6.13,-3.14
3.347,-6.13,-3.14
3.349,-6.14,-3.14
3.352,-6.14,-2.88
3.354,-6.15,-2.88
3.356,-6.15,-2.88
3.358,-6.15,-2.88
3.36,-6.16,-2.88
3.362,-6.17,-2.51
3.367,-6.17,-2.51
3.369,-6.17,-2.51
3.372,-6.18,-2.51
3.374,-6.18,-1.15
3.376,-6.19,-1.15
3.378,-6.19,-1.15
3.38,-6.19,-1.15
3.382,-6.2,-1.15
3.384,-6.2,-1.15
3.387,-6.2,-1.15
3.392,-6.2,-1.15
3.394,-6.2,-1.15
3.396,-6.2,-1.15
3.398,-6.2,-0.58
3.404,-6.21,-0.58
3.406,-6.21,-0.58
3.408,-6.21,-0.58
3.41,-6.21,-0.58
3.443,-6.2,0.21
4.047,-6.21,-0.01
4.062,-6.22,-0.46
4.067,-6.22,-0.46
4.069,-6.22,-0.46
4.071,-6.23,-0.46
4.073,-6.23,-1.26
4.075,-6.24,-1.26
4.078,-6.24,-1.26
4.08,-6.24,-1.26
4.082,-6.25,-1.26
4.084,-6.25,-1.88
4.086,-6.26,-1.88
4.088,-6.26,-1.88
4.09,-6.27,-1.88
4.092,-6.28,-1.88
4.094,-6.29,-1.88
4.098,-6.3,-3.72
4.1,-6.31,-3.72
4.102,-6.31,-3.72
4.104,-6.33,-3.72
4.106,-6.33,-3.72
4.108,-6.35,-4.4
4.11,-6.36,-4.4
4.112,-6.37,-4.4
4.114,-6.39,-4.4
4.117,-6.4,-4.4
4.119,-6.42,-6.28
4.121,-6.43,-6.28
4.123,-6.45,-6.28
4.125,-6.46,-6.28
4.127,-6.49,-6.28
4.129,-6.51,-6.28
4.132,-6.53,-8.63
4.134,-6.55,-8.63
4.136,-6.57,-8.63
4.139,-6.59,-8.63
4.141,-6.62,-8.63
4.143,-6.64,-9.78
4.145,-6.66,-9.78
4.147,-6.69,-9.78
4.149,-6.72,-9.78
4.152,-6.75,-9.78
4.154,-6.78,-12.56
4.156,-6.81,-12.56
4.158,-6.84,-12.56
4.16,-6.87,-12.56
4.162,-6.91,-12.56
4.165,-6.93,-12.56
4.167,-6.98,-14.88
4.169,-7.01,-14.88
4.171,-7.04,-14.88
4.173,-7.08,-14.88
4.176,-7.12,-14.88
4.178,-7.16,-16.95
4.18,-7.2,-16.95
4.183,-7.23,-16.95
4.185,-7.27,-16.95
4.187,-7.31,-16.95
4.19,-7.36,-16.12
4.192,-7.39,-16.12
4.194,-7.43,-16.12
4.196,-7.47,-16.12
4.198,-7.51,-16.12
4.201,-7.55,-16.12
4.203,-7.59,-18.6
4.205,-7.63,-18.6
4.207,-7.67,-18.6
4.209,-7.71,-18.6
4.212,-7.74,-18.6
4.214,-7.78,-17.58
4.216,-7.83,-17.58
4.218,-7.86,-17.58
4.22,-7.89,-17.58
4.222,-7.94,-17.58
4.226,-7.97,-15.54
4.228,-8.0,-15.54
4.23,-8.04,-15.54
4.232,-8.07,-15.54
4.234,-8.11,-15.54
4.236,-8.14,-15.54
4.239,-8.18,-15.94
4.241,-8.21,-15.94
4.243,-8.24,-15.94
4.245,-8.27,-15.94
4.247,-8.31,-15.94
4.25,-8.34,-15.94
4.252,-8.37,-14.88
4.254,-8.41,-14.88
4.256,-8.43,-14.88
4.258,-8.47,-14.88
4.261,-8.5,-14.88
4.263,-8.53,-14.44
4.265,-8.56,-14.44
4.268,-8.59,-14.44
4.271,-8.62,-14.44
4.273,-8.65,-14.44
4.275,-8.68,-12.66
4.277,-8.71,-12.66
4.28,-8.74,-12.66
4.282,-8.76,-12.66
4.284,-8.79,-12.66
4.286,-8.83,-12.56
4.289,-8.85,-12.56
4.291,-8.88,-12.56
4.293,-8.9,-12.56
4.295,-8.93,-12.56
4.298,-8.96,-12.56
4.3,-8.99,-12.56
4.302,-9.01,-12.56
4.304,-9.03,-12.56
4.306,-9.06,-12.56
4.31,-9.08,-9.56
4.312,-9.11,-9.56
4.314,-9.13,-9.56
4.316,-9.15,-9.56
4.318,-9.17,-9.56
4.32,-9.2,-9.56
4.323,-9.22,-10.63
4.325,-9.24,-10.63
4.327,-9.27,-10.63
4.329,-9.29,-10.63
4.332,-9.31,-10.63
4.334,-9.33,-10.05
4.336,-9.35,-10.05
4.338,-9.37,-10.05
4.341,-9.39,-10.05
4.343,-9.41,-10.05
4.345,-9.43,-9.42
4.347,-9.46,-9.42
4.349,-9.47,-9.42
4.352,-9.49,-9.42
4.355,-9.5,-9.42
4.357,-9.52,-7.48
4.359,-9.55,-7.48
4.361,-9.56,-7.48
4.363,-9.58,-7.48
4.365,-9.59,-7.48
4.368,-9.61,-7.53
4.37,-9.63,-7.53
4.372,-9.64,-7.53
4.374,-9.66,-7.53
4.376,-9.68,-7.53
4.378,-9.69,-7.53
4.381,-9.7,-8.06
4.383,-9.72,-8.06
4.385,-9.73,-8.06
4.387,-9.75,-8.06
4.389,-9.76,-8.06
4.391,-9.77,-6.28
4.395,-9.79,-6.28
4.397,-9.8,-6.28
4.399,-9.81,-6.28
4.401,-9.83,-6.28
4.403,-9.84,-5.76
4.405,-9.86,-5.76
4.407,-9.86,-5.76
4.41,-9.88,-5.76
4.412,-9.88,-5.76
4.414,-9.9,-5.02
4.416,-9.91,-5.02
4.418,-9.92,-5.02
4.42,-9.93,-5.02
4.423,-9.94,-5.02
4.425,-9.95,-5.02
4.427,-9.96,-5.02
4.429,-9.97,-5.02
4.431,-9.98,-5.02
4.433,-9.99,-5.02
4.435,-10.0,-5.02
4.439,-10.01,-3.95
4.441,-10.01,-3.95
4.443,-10.02,-3.95
4.445,-10.04,-3.95
4.448,-10.04,-3.95
4.45,-10.05,-3.77
4.452,-10.06,-3.77
4.454,-10.06,-3.77
4.457,-10.07,-3.77
4.459,-10.08,-3.77
4.461,-10.08,-3.14
4.463,-10.09,-3.14
4.466,-10.1,-3.14
4.468,-10.1,-3.14
4.47,-10.1,-3.14
4.473,-10.11,-2.51
4.475,-10.12,-2.51
4.477,-10.13,-2.51
4.48,-10.13,-2.51
4.482,-10.13,-2.51
4.485,-10.14,-2.13
4.488,-10.15,-2.13
4.49,-10.15,-2.13
4.492,-10.15,-2.13
4.494,-10.15,-2.13
4.497,-10.15,-1.26
4.499,-10.16,-1.26
4.501,-10.16,-1.26
4.503,-10.17,-1.26
4.505,-10.17,-1.26
4.507,-10.17,-1.26
4.512,-10.17,-1.26
4.515,-10.17,-1.26
4.517,-10.17,-1.26
4.519,-10.17,-0.58
5.043,-10.18,-0.01
5.051,-10.19,-0.01
5.053,-10.19,-0.01
5.056,-10.19,-0.58
5.058,-10.19,-0.58
5.06,-10.19,-0.58
5.062,-10.2,-0.58
5.064,-10.2,-0.58
5.066,-10.21,-1.88
5.068,-10.22,-1.88
5.071,-10.22,-1.88
5.073,-10.22,-1.88
5.075,-10.23,-1.88
5.078,-10.24,-2.3
5.08,-10.25,-2.3
5.082,-10.26,-2.3
5.084,-10.26,-2.3
5.087,-10.28,-2.3
5.089,-10.28,-4.4
5.091,-10.3,-4.4
5.093,-10.31,-4.4
5.095,-10.32,-4.4
5.097,-10.33,-4.4
5.1,-10.35,-5.65
5.102,-10.37,-5.65
5.104,-10.38,-5.65
5.106,-10.39,-5.65
5.108,-10.42,-5.65
5.11,-10.44,-5.65
5.113,-10.46,-8.5
5.115,-10.48,-8.5
5.117,-10.5,-8.5
5.12,-10.52,-8.5
5.122,-10.55,-8.5
5.125,-10.57,-10.05
5.127,-10.59,-10.05
5.129,-10.62,-10.05
5.131,-10.65,-10.05
5.133,-10.68,-10.05
5.136,-10.71,-12.09
5.138,-10.74,-12.09
5.14,-10.77,-12.09
5.142,-10.8,-12.09
5.145,-10.84,-12.09
5.147,-10.87,-13.81
5.149,-10.9,-13.81
5.151,-10.93,-13.81
5.153,-10.97,-13.81
5.156,-11.0,-13.81
5.158,-11.04,-15.7
5.16,-11.07,-15.7
5.163,-11.11,-15.7
5.166,-11.14,-15.7
5.168,-11.18,-15.7
5.17,-11.21,-14.39
5.173,-11.24,-14.39
5.175,-11.29,-14.39
5.177,-11.32,-14.39
5.18,-11.35,-14.39
5.182,-11.39,-14.96
5.184,-11.42,-14.96
5.187,-11.46,-14.96
5.189,-11.49,-14.96
5.191,-11.53,-14.96
5.194,-11.57,-15.7
5.196,-11.6,-15.7
5.198,-11.63,-15.7
5.2,-11.67,-15.7
5.203,-11.7,-15.7
5.206,-11.73,-13.28
5.208,-11.76,-13.28
5.211,-11.8,-13.28
5.213,-11.82,-13.28
5.215,-11.86,-13.28
5.218,-11.89,-12.66
5.22,-11.92,-12.66
5.222,-11.95,-12.66
5.225,-11.98,-12.66
5.227,-12.01,-12.66
5.229,-12.04,-13.81
5.232,-12.07,-13.81
5.234,-12.09,-13.81
5.236,-12.12,-13.81
5.239,-12.15,-13.81
5.241,-12.18,-11.51
5.243,-12.2,-11.51
5.246,-12.23,-11.51
5.249,-12.26,-11.51
5.251,-12.28,-11.51
5.254,-12.31,-10.09
5.256,-12.34,-10.09
5.258,-12.36,-10.09
5.261,-12.38,-10.09
5.263,-12.4,-10.09
5.265,-12.43,-11.3
5.268,-12.45,-11.3
5.27,-12.48,-11.3
5.272,-12.5,-11.3
5.274,-12.52,-11.3
5.277,-12.55,-9.78
5.279,-12.57,-9.78
5.281,-12.59,-9.78
5.284,-12.61,-9.78
5.286,-12.63,-9.78
5.288,-12.65,-9.42
5.291,-12.67,-9.42
5.293,-12.69,-9.42
5.296,-12.71,-9.42
5.298,-12.73,-9.42
5.3,-12.74,-7.48
5.303,-12.76,-7.48
5.305,-12.78,-7.48
5.307,-12.8,-7.48
5.309,-12.82,-7.48
5.312,-12.83,-8.16
5.314,-12.85,-8.16
5.316,-12.87,-8.16
5.318,-12.88,-8.16
5.32,-12.9,-8.16
5.323,-12.92,-6.91
5.325,-12.93,-6.91
5.327,-12.94,-6.91
5.329,-12.96,-6.91
5.332,-12.98,-6.91
5.335,-12.99,-6.33
5.337,-13.01,-6.33
5.339,-13.02,-6.33
5.342,-13.03,-6.33
5.344,-13.05,-6.33
5.346,-13.06,-5.65
5.348,-13.07,-5.65
5.351,-13.08,-5.65
5.353,-13.1,-5.65
5.355,-13.11,-5.65
5.357,-13.12,-5.65
5.36,-13.13,-5.65
5.362,-13.14,-5.65
5.364,-13.15,-5.65
5.366,-13.16,-5.65
5.369,-13.17,-5.02
5.371,-13.18,-5.02
5.373,-13.19,-5.02
5.376,-13.2,-5.02
5.378,-13.21,-5.02
5.381,-13.22,-3.72
5.383,-13.23,-3.72
5.385,-13.23,-3.72
5.387,-13.25,-3.72
5.39,-13.25,-3.72
5.392,-13.26,-3.77
5.394,-13.27,-3.77
5.396,-13.27,-3.77
5.399,-13.28,-3.77
5.401,-13.29,-3.77
5.403,-13.3,-3.14
5.405,-13.3,-3.14
5.408,-13.31,-3.14
5.41,-13.32,-3.14
5.412,-13.32,-3.14
5.414,-13.32,-2.51
5.417,-13.33,-2.51
5.42,-13.34,-2.51
5.422,-13.34,-2.51
5.424,-13.34,-2.51
5.427,-13.35,-2.3
5.429,-13.36,-2.3
5.431,-13.36,-2.3
5.433,-13.36,-2.3
5.435,-13.36,-2.3
5.438,-13.36,-1.15
5.44,-13.37,-1.15
5.442,-13.37,-1.15
5.444,-13.38,-1.15
5.447,-13.38,-1.15
5.449,-13.38,-1.26
5.451,-13.39,-1.26
5.453,-13.39,-1.26
5.456,-13.39,-1.26
5.458,-13.39,-1.26
5.46,-13.39,-0.63
5.885,-13.39,-0.02
5.894,-13.4,-0.02
5.896,-13.4,-0.63
5.899,-13.41,-0.63
5.901,-13.41,-0.63
5.903,-13.41,-0.63
5.905,-13.42,-0.63
5.907,-13.43,-2.51
5.909,-13.43,-2.51
5.912,-13.44,-2.51
5.914,-13.45,-2.51
5.916,-13.46,-2.51
5.918,-13.48,-4.4
5.92,-13.48,-4.4
5.922,-13.5,-4.4
5.925,-13.51,-4.4
5.927,-13.53,-4.4
5.929,-13.54,-6.28
5.932,-13.56,-6.28
5.934,-13.58,-6.28
5.936,-13.6,-6.28
5.939,-13.61,-6.28
5.941,-13.63,-7.48
5.943,-13.65,-7.48
5.945,-13.68,-7.48
5.947,-13.7,-7.48
5.949,-13.72,-7.48
5.952,-13.75,-7.48
5.954,-13.78,-10.63
5.956,-13.8,-10.63
5.958,-13.83,-10.63
5.96,-13.85,-10.63
5.963,-13.88,-10.63
5.965,-13.92,-13.19
5.967,-13.94,-13.19
5.969,-13.98,-13.19
5.972,-14.01,-13.19
5.975,-14.03,-13.19
5.977,-14.07,-12.66
5.979,-14.1,-12.66
5.982,-14.13,-12.66
5.984,-14.17,-12.66
5.986,-14.19,-12.66
5.988,-14.23,-14.44
5.99,-14.26,-14.44
5.993,-14.29,-14.44
5.995,-14.32,-14.44
5.997,-14.35,-14.44
5.999,-14.39,-14.44
6.002,-14.42,-14.44
6.004,-14.45,-14.44
6.006,-14.48,-14.44
6.008,-14.51,-14.44
6.011,-14.54,-13.81
6.013,-14.57,-13.81
6.016,-14.6,-13.81
6.018,-14.63,-13.81
6.021,-14.66,-11.3
6.023,-14.69,-11.3
6.025,-14.72,-11.3
6.028,-14.75,-11.3
6.03,-14.77,-11.3
6.033,-14.8,-12.56
6.035,-14.83,-12.56
6.037,-14.85,-12.56
6.039,-14.88,-12.56
6.042,-14.9,-12.56
6.044,-14.93,-10.94
6.046,-14.95,-10.94
6.049,-14.98,-10.94
6.051,-15.01,-10.94
6.053,-15.03,-10.94
6.056,-15.06,-9.78
6.059,-15.08,-9.78
6.061,-15.1,-9.78
6.063,-15.12,-9.78
6.066,-15.14,-9.78
6.068,-15.16,-9.21
6.07,-15.18,-9.21
6.072,-15.2,-9.21
6.075,-15.22,-9.21
6.077,-15.24,-9.21
6.079,-15.26,-9.42
6.081,-15.28,-9.42
6.084,-15.31,-9.42
6.086,-15.33,-9.42
6.088,-15.34,-9.42
6.09,-15.36,-8.79
6.093,-15.38,-8.79
6.095,-15.4,-8.79
6.097,-15.42,-8.79
6.099,-15.43,-8.79
6.103,-15.45,-7.48
6.105,-15.46,-7.48
6.107,-15.48,-7.48
6.109,-15.5,-7.48
6.111,-15.51,-7.48
6.114,-15.53,-6.91
6.116,-15.55,-6.91
6.118,-15.56,-6.91
6.12,-15.57,-6.91
6.123,-15.59,-6.91
6.125,-15.6,-6.28
6.127,-15.62,-6.28
6.129,-15.63,-6.28
6.132,-15.64,-6.28
6.134,-15.66,-6.28
6.136,-15.67,-6.28
6.138,-15.69,-6.28
6.141,-15.7,-6.28
6.144,-15.71,-6.28
6.146,-15.72,-6.28
6.148,-15.73,-5.18
6.151,-15.74,-5.18
6.153,-15.75,-5.18
6.155,-15.77,-5.18
6.157,-15.77,-5.18
6.16,-15.79,-5.02
6.162,-15.8,-5.02
6.164,-15.8,-5.02
6.166,-15.82,-5.02
6.168,-15.82,-5.02
6.171,-15.84,-4.03
6.173,-15.84,-4.03
6.175,-15.85,-4.03
6.177,-15.86,-4.03
6.18,-15.86,-4.03
6.182,-15.88,-3.77
6.184,-15.89,-3.77
6.187,-15.89,-3.77
6.19,-15.9,-3.77
6.192,-15.91,-3.77
6.194,-15.91,-2.88
6.196,-15.92,-2.88
6.199,-15.93,-2.88
6.201,-15.93,-2.88
6.203,-15.93,-2.88
6.205,-15.94,-2.51
6.208,-15.95,-2.51
6.21,-15.95,-2.51
6.212,-15.95,-2.51
6.214,-15.96,-2.51
6.217,-15.97,-2.51
6.221,-15.98,-2.51
6.223,-15.98,-2.51
6.225,-15.98,-2.51
6.227,-15.98,-1.26
6.23,-15.99,-1.26
6.233,-15.99,-1.26
6.235,-15.99,-1.26
6.237,-16.0,-1.26
6.239,-16.0,-1.15
6.242,-16.0,-1.15
6.244,-16.0,-1.15
6.246,-16.0,-1.15
6.249,-16.0,-1.15
6.251,-16.0,-0.58
6.609,-16.01,-0.02
6.622,-16.02,-0.49
6.628,-16.02,-0.49
6.63,-16.02,-0.49
6.632,-16.03,-0.49
6.634,-16.03,-1.15
6.637,-16.04,-1.15
6.639,-16.04,-1.15
6.641,-16.05,-1.15
6.643,-16.06,-1.15
6.645,-16.07,-3.14
6.647,-16.07,-3.14
6.65,-16.08,-3.14
6.652,-16.09,-3.14
6.654,-16.1,-3.14
6.657,-16.11,-4.03
6.659,-16.12,-4.03
6.661,-16.13,-4.03
6.663,-16.15,-4.03
6.666,-16.16,-4.03
6.668,-16.18,-5.65
6.67,-16.2,-5.65
6.672,-16.22,-5.65
6.674,-16.23,-5.65
6.676,-16.25,-5.65
6.679,-16.27,-8.79
6.681,-16.29,-8.79
6.683,-16.32,-8.79
6.685,-16.34,-8.79
6.687,-16.37,-8.79
6.689,-16.4,-8.79
6.692,-16.42,-11.69
6.694,-16.45,-11.69
6.696,-16.49,-11.69
6.699,-16.51,-11.69
6.702,-16.55,-11.69
6.704,-16.59,-13.24
6.706,-16.62,-13.24
6.708,-16.66,-13.24
6.711,-16.7,-13.24
6.713,-16.73,-13.24
6.715,-16.78,-17.58
6.717,-16.82,-17.58
6.72,-16.86,-17.58
6.722,-16.91,-17.58
6.724,-16.95,-17.58
6.726,-17.0,-19.46
6.729,-17.04,-19.46
6.731,-17.08,-19.46
6.733,-17.13,-19.46
6.735,-17.17,-19.46
6.737,-17.22,-20.09
6.74,-17.26,-20.09
6.743,-17.31,-20.09
6.745,-17.35,-20.09
6.747,-17.4,-20.09
6.75,-17.44,-17.53
6.752,-17.49,-17.53
6.754,-17.53,-17.53
6.757,-17.58,-17.53
6.759,-17.63,-17.53
6.761,-17.67,-20.72
6.764,-17.72,-20.72
6.766,-17.76,-20.72
6.768,-17.8,-20.72
6.771,-17.84,-20.72
6.773,-17.89,-18.42
6.775,-17.93,-18.42
6.778,-17.97,-18.42
6.78,-18.01,-18.42
6.782,-18.05,-18.42
6.786,-18.1,-15.94
6.788,-18.14,-15.94
6.79,-18.17,-15.94
6.793,-18.21,-15.94
6.795,-18.25,-15.94
6.797,-18.3,-17.58
6.8,-18.33,-17.58
6.802,-18.37,-17.58
6.804,-18.41,-17.58
6.807,-18.45,-17.58
6.809,-18.48,-16.12
6.811,-18.52,-16.12
6.813,-18.56,-16.12
6.816,-18.59,-16.12
6.818,-18.63,-16.12
6.821,-18.66,-16.32
6.823,-18.7,-16.32
6.825,-18.73,-16.32
6.828,-18.77,-16.32
6.831,-18.8,-12.56
6.833,-18.83,-12.56
6.835,-18.87,-12.56
6.838,-18.9,-12.56
6.84,-18.93,-12.56
6.842,-18.97,-14.44
6.845,-18.99,-14.44
6.847,-19.03,-14.44
6.849,-19.06,-14.44
6.852,-19.08,-14.44
6.854,-19.12,-13.24
6.856,-19.15,-13.24
6.859,-19.18,-13.24
6.861,-19.21,-13.24
6.863,-19.24,-13.24
6.866,-19.26,-12.09
6.868,-19.29,-12.09
6.871,-19.32,-12.09
6.874,-19.35,-12.09
6.876,-19.37,-12.09
6.878,-19.4,-11.51
6.881,-19.43,-11.51
6.883,-19.45,-11.51
6.885,-19.48,-11.51
6.888,-19.5,-11.51
6.89,-19.53,-10.94
6.892,-19.55,-10.94
6.894,-19.58,-10.94
6.897,-19.6,-10.94
6.899,-19.63,-10.94
6.902,-19.65,-10.67
6.904,-19.67,-10.67
6.906,-19.7,-10.67
6.908,-19.72,-10.67
6.912,-19.74,-8.16
6.914,-19.76,-8.16
6.916,-19.78,-8.16
6.918,-19.8,-8.16
6.921,-19.82,-8.16
6.923,-19.84,-9.42
6.925,-19.86,-9.42
6.927,-19.88,-9.42
6.93,-19.9,-9.42
6.932,-19.92,-9.42
6.934,-19.94,-8.16
6.936,-19.95,-8.16
6.939,-19.97,-8.16
6.941,-19.99,-8.16
6.943,-20.01,-8.16
6.946,-20.02,-8.16
6.948,-20.04,-8.16
6.95,-20.06,-8.16
6.952,-20.07,-8.16
6.955,-20.09,-8.16
6.958,-20.11,-6.38
6.96,-20.12,-6.38
6.962,-20.13,-6.38
6.964,-20.15,-6.38
6.967,-20.16,-6.38
6.969,-20.17,-6.28
6.971,-20.19,-6.28
6.973,-20.2,-6.28
6.976,-20.22,-6.28
6.978,-20.23,-6.28
6.98,-20.24,-6.28
6.982,-20.26,-6.28
6.984,-20.27,-6.28
6.987,-20.28,-6.28
6.989,-20.29,-6.28
6.991,-20.31,-5.65
6.993,-20.31,-5.65
6.996,-20.33,-5.65
6.999,-20.33,-5.65
7.001,-20.35,-5.65
7.004,-20.35,-4.03
7.006,-20.37,-4.03
7.008,-20.37,-4.03
7.01,-20.38,-4.03
7.012,-20.4,-4.03
7.015,-20.4,-4.03
7.017,-20.41,-4.03
7.019,-20.42,-4.03
7.021,-20.43,-4.03
7.024,-20.44,-4.03
7.026,-20.44,-3.77
7.028,-20.45,-3.77
7.03,-20.46,-3.77
7.033,-20.46,-3.77
7.035,-20.47,-3.77
7.037,-20.48,-3.14
7.04,-20.49,-3.14
7.043,-20.49,-3.14
7.045,-20.5,-3.14
7.047,-20.5,-3.14
7.049,-20.51,-2.3
7.051,-20.51,-2.3
7.054,-20.52,-2.3
7.056,-20.52,-2.3
7.058,-20.53,-2.3
7.061,-20.53,-1.88
7.063,-20.53,-1.88
7.065,-20.53,-1.88
7.067,-20.54,-1.88
7.069,-20.54,-1.88
7.072,-20.55,-1.73
7.077,-20.55,-1.73
7.079,-20.55,-1.73
7.081,-20.55,-1.73
7.084,-20.56,-1.15
7.459,-20.55,0.02
7.732,-20.55,0.03
7.746,-20.54,0.49
7.751,-20.53,0.49
7.753,-20.53,0.49
7.755,-20.53,0.49
7.758,-20.53,1.26
7.76,-20.52,1.26
7.762,-20.51,1.26
7.764,-20.51,1.26
7.767,-20.5,1.26
7.769,-20.49,2.88
7.772,-20.48,2.88
7.774,-20.47,2.88
7.776,-20.46,2.88
7.778,-20.44,2.88
7.78,-20.44,5.02
7.782,-20.42,5.02
7.784,-20.41,5.02
7.787,-20.39,5.02
7.789,-20.37,5.02
7.791,-20.35,7.53
7.793,-20.33,7.53
7.795,-20.31,7.53
7.797,-20.29,7.53
7.8,-20.27,7.53
7.802,-20.24,9.42
7.804,-20.22,9.42
7.806,-20.2,9.42
7.809,-20.17,9.42
7.811,-20.14,9.42
7.814,-20.11,12.56
7.816,-20.08,12.56
7.818,-20.05,12.56
7.82,-20.02,12.56
7.822,-19.98,12.56
7.825,-19.95,13.81
7.827,-19.91,13.81
7.829,-19.87,13.81
7.831,-19.84,13.81
7.834,-19.79,13.81
7.836,-19.75,16.95
7.838,-19.72,16.95
7.84,-19.68,16.95
7.842,-19.64,16.95
7.845,-19.59,16.95
7.847,-19.55,18.21
7.849,-19.51,18.21
7.852,-19.47,18.21
7.855,-19.43,18.21
7.857,-19.39,18.21
7.859,-19.35,17.27
7.861,-19.3,17.27
7.864,-19.27,17.27
7.866,-19.23,17.27
7.868,-19.19,17.27
7.87,-19.15,18.21
7.872,-19.1,18.21
7.875,-19.07,18.21
7.877,-19.03,18.21
7.879,-18.99,18.21
7.881,-18.95,18.21
7.884,-18.92,18.21
7.886,-18.88,18.21
7.888,-18.84,18.21
7.89,-18.81,18.21
7.894,-18.77,16.32
7.896,-18.73,16.32
7.898,-18.7,16.32
7.9,-18.66,16.32
7.902,-18.63,16.32
7.905,-18.59,14.96
7.907,-18.56,14.96
7.909,-18.52,14.96
7.911,-18.49,14.96
7.913,-18.46,14.96
7.916,-18.43,13.81
7.918,-18.39,13.81
7.92,-18.36,13.81
7.922,-18.33,13.81
7.925,-18.3,13.81
7.927,-18.27,14.44
7.929,-18.23,14.44
7.931,-18.21,14.44
7.934,-18.18,14.44
7.937,-18.15,14.44
7.939,-18.12,12.09
7.941,-18.09,12.09
7.943,-18.06,12.09
7.946,-18.03,12.09
7.948,-18.01,12.09
7.95,-17.98,13.19
7.952,-17.95,13.19
7.954,-17.92,13.19
7.957,-17.9,13.19
7.959,-17.87,13.19
7.961,-17.85,11.93
7.963,-17.82,11.93
7.966,-17.79,11.93
7.968,-17.77,11.93
7.97,-17.74,11.93
7.972,-17.72,11.3
7.974,-17.7,11.3
7.977,-17.67,11.3
7.98,-17.65,11.3
7.982,-17.63,11.3
7.984,-17.61,9.78
7.986,-17.58,9.78
7.989,-17.56,9.78
7.991,-17.54,9.78
7.993,-17.52,9.78
7.995,-17.49,10.05
7.997,-17.47,10.05
7.999,-17.45,10.05
8.002,-17.43,10.05
8.004,-17.42,10.05
8.006,-17.4,8.79
8.008,-17.38,8.79
8.01,-17.36,8.79
8.012,-17.34,8.79
8.015,-17.32,8.79
8.017,-17.3,8.79
8.019,-17.29,8.79
8.022,-17.27,8.79
8.024,-17.25,8.79
8.026,-17.23,8.79
8.029,-17.22,7.53
8.031,-17.2,7.53
8.033,-17.18,7.53
8.035,-17.17,7.53
8.037,-17.15,7.53
8.039,-17.14,7.53
8.042,-17.12,7.53
8.044,-17.11,7.53
8.046,-17.09,7.53
8.048,-17.08,7.53
8.05,-17.07,6.28
8.052,-17.05,6.28
8.054,-17.04,6.28
8.057,-17.03,6.28
8.059,-17.01,6.28
8.061,-17.0,6.28
8.064,-16.98,6.28
8.066,-16.97,6.28
8.068,-16.96,6.28
8.07,-16.95,6.28
8.073,-16.94,4.6
8.075,-16.93,4.6
8.077,-16.91,4.6
8.079,-16.91,4.6
8.081,-16.89,4.6
8.083,-16.89,4.6
8.086,-16.87,5.76
8.088,-16.87,5.76
8.09,-16.85,5.76
8.092,-16.85,5.76
8.094,-16.84,5.76
8.096,-16.82,4.4
8.098,-16.82,4.4
8.101,-16.81,4.4
8.103,-16.8,4.4
8.105,-16.79,4.4
8.108,-16.78,3.45
8.11,-16.78,3.45
8.112,-16.77,3.45
8.114,-16.76,3.45
8.117,-16.76,3.45
8.119,-16.75,3.14
8.121,-16.74,3.14
8.123,-16.73,3.14
8.125,-16.73,3.14
8.127,-16.73,3.14
8.129,-16.72,3.14
8.132,-16.71,2.66
8.134,-16.71,2.66
8.136,-16.71,2.66
8.138,-16.7,2.66
8.14,-16.69,2.66
8.142,-16.69,2.66
8.145,-16.69,2.3
8.147,-16.68,2.3
8.15,-16.68,2.3
8.152,-16.67,2.3
8.154,-16.67,2.3
8.156,-16.67,1.15
8.158,-16.67,1.15
8.161,-16.67,1.15
8.163,-16.66,1.15
8.165,-16.66,1.15
8.167,-16.66,1.26
8.169,-16.65,1.26
8.171,-16.65,1.26
8.173,-16.65,1.26
8.176,-16.65,1.26
8.178,-16.65,0.63
8.18,-16.65,0.63
8.182,-16.65,0.63
8.184,-16.65,0.63
8.186,-16.65,0.63
8.188,-16.65,0.63
8.192,-16.65,0.58
9.034,-16.64,0.01
9.048,-16.63,0.49
9.055,-16.62,0.49
9.058,-16.62,0.49
9.06,-16.62,1.15
9.064,-16.61,1.15
9.066,-16.61,1.15
9.068,-16.6,1.15
9.07,-16.6,1.15
9.072,-16.6,1.73
9.076,-16.59,1.73
9.078,-16.59,1.73
9.08,-16.58,1.73
9.082,-16.58,1.73
9.084,-16.57,2.3
9.086,-16.56,2.3
9.089,-16.56,2.3
9.092,-16.55,2.3
9.094,-16.55,2.3
9.096,-16.53,2.88
9.098,-16.53,2.88
9.1,-16.52,2.88
9.102,-16.51,2.88
9.104,-16.51,2.88
9.107,-16.5,2.88
9.109,-16.49,3.19
9.111,-16.49,3.19
9.113,-16.47,3.19
9.115,-16.47,3.19
9.117,-16.46,3.19
9.119,-16.45,3.19
9.122,-16.44,4.6
9.124,-16.43,4.6
9.126,-16.42,4.6
9.128,-16.41,4.6
9.131,-16.4,4.6
9.133,-16.39,4.03
9.136,-16.38,4.03
9.138,-16.38,4.03
9.14,-16.36,4.03
9.142,-16.36,4.03
9.144,-16.34,4.4
9.146,-16.33,4.4
9.148,-16.32,4.4
9.151,-16.31,4.4
9.153,-16.3,4.4
9.155,-16.29,4.4
9.157,-16.28,4.4
9.159,-16.27,4.4
9.161,-16.26,4.4
9.163,-16.25,4.4
9.166,-16.24,5.02
9.168,-16.22,5.02
9.17,-16.22,5.02
9.172,-16.2,5.02
9.175,-16.2,5.02
9.177,-16.18,5.02
9.18,-16.17,5.02
9.182,-16.15,5.02
9.184,-16.15,5.02
9.186,-16.13,5.02
9.188,-16.12,5.65
9.19,-16.11,5.65
9.192,-16.1,5.65
9.195,-16.09,5.65
9.197,-16.07,5.65
9.199,-16.06,5.65
9.201,-16.04,5.65
9.203,-16.03,5.65
9.205,-16.02,5.65
9.207,-16.0,5.65
9.21,-15.99,6.28
9.212,-15.98,6.28
9.214,-15.96,6.28
9.217,-15.95,6.28
9.219,-15.93,6.28
9.222,-15.91,6.28
9.224,-15.9,6.28
9.226,-15.89,6.28
9.228,-15.86,6.28
9.23,-15.85,6.28
9.232,-15.83,7.53
9.234,-15.82,7.53
9.237,-15.8,7.53
9.239,-15.78,7.53
9.241,-15.76,7.53
9.243,-15.74,8.79
9.245,-15.72,8.79
9.247,-15.7,8.79
9.25,-15.68,8.79
9.252,-15.66,8.79
9.254,-15.63,9.42
9.256,-15.61,9.42
9.259,-15.58,9.42
9.261,-15.56,9.42
9.264,-15.53,9.42
9.266,-15.51,10.94
9.268,-15.48,10.94
9.27,-15.45,10.94
9.272,-15.42,10.94
9.275,-15.39,10.94
9.277,-15.35,13.19
9.279,-15.33,13.19
9.281,-15.29,13.19
9.284,-15.26,13.19
9.286,-15.22,13.19
9.288,-15.18,16.32
9.29,-15.15,16.32
9.292,-15.11,16.32
9.295,-15.06,16.32
9.297,-15.03,16.32
9.299,-14.98,17.58
9.302,-14.94,17.58
9.305,-14.9,17.58
9.307,-14.86,17.58
9.309,-14.81,17.58
9.311,-14.76,18.42
9.314,-14.72,18.42
9.316,-14.67,18.42
9.318,-14.62,18.42
9.32,-14.57,18.42
9.323,-14.52,21.98
9.325,-14.48,21.98
9.327,-14.43,21.98
9.329,-14.37,21.98
9.331,-14.32,21.98
9.334,-14.27,20.72
9.336,-14.22,20.72
9.338,-14.17,20.72
9.34,-14.12,20.72
9.344,-14.07,20.72
9.346,-14.02,21.3
9.348,-13.97,21.3
9.35,-13.92,21.3
9.352,-13.87,21.3
9.355,-13.82,21.3
9.357,-13.77,23.23
9.359,-13.72,23.23
9.361,-13.67,23.23
9.364,-13.62,23.23
9.366,-13.57,23.23
9.368,-13.52,21.98
9.37,-13.48,21.98
9.373,-13.43,21.98
9.375,-13.39,21.98
9.377,-13.34,21.98
9.379,-13.3,20.09
9.382,-13.26,20.09
9.384,-13.22,20.09
9.387,-13.18,20.09
9.389,-13.14,20.09
9.392,-13.1,16.12
9.394,-13.07,16.12
9.396,-13.03,16.12
9.398,-13.0,16.12
9.4,-12.96,16.12
9.403,-12.93,16.33
9.405,-12.89,16.33
9.407,-12.86,16.33
9.409,-12.83,16.33
9.411,-12.8,16.33
9.414,-12.77,13.24
9.416,-12.74,13.24
9.418,-12.72,13.24
9.42,-12.69,13.24
9.423,-12.66,13.24
9.425,-12.63,12.56
9.427,-12.6,12.56
9.43,-12.58,12.56
9.432,-12.55,12.56
9.435,-12.53,12.56
9.437,-12.5,10.94
9.439,-12.47,10.94
9.441,-12.45,10.94
9.443,-12.43,10.94
9.446,-12.4,10.94
9.448,-12.38,10.67
9.45,-12.36,10.67
9.452,-12.34,10.67
9.455,-12.31,10.67
9.457,-12.29,10.67
9.459,-12.27,10.05
9.461,-12.25,10.05
9.463,-12.23,10.05
9.466,-12.21,10.05
9.468,-12.19,10.05
9.47,-12.17,9.42
9.473,-12.15,9.42
9.475,-12.14,9.42
9.478,-12.11,9.42
9.48,-12.09,9.42
9.482,-12.07,8.06
9.484,-12.06,8.06
9.486,-12.04,8.06
9.488,-12.02,8.06
9.49,-12.01,8.06
9.493,-11.99,8.06
9.495,-11.98,7.44
9.497,-11.96,7.44
9.499,-11.94,7.44
9.501,-11.93,7.44
9.503,-11.91,7.44
9.506,-11.89,7.44
9.508,-11.88,7.44
9.51,-11.87,7.44
9.512,-11.85,7.44
9.515,-11.84,7.44
9.517,-11.82,7.44
9.52,-11.81,6.28
9.522,-11.8,6.28
9.524,-11.78,6.28
9.526,-11.78,6.28
9.528,-11.76,6.28
9.53,-11.75,5.65
9.532,-11.73,5.65
9.535,-11.72,5.65
9.537,-11.71,5.65
9.539,-11.7,5.65
9.541,-11.69,5.02
9.543,-11.68,5.02
9.545,-11.67,5.02
9.547,-11.66,5.02
9.55,-11.65,5.02
9.552,-11.64,5.02
9.554,-11.63,5.02
9.556,-11.62,5.02
9.559,-11.62,5.02
9.561,-11.6,5.02
9.564,-11.6,3.77
9.566,-11.59,3.77
9.568,-11.58,3.77
9.57,-11.58,3.77
9.572,-11.56,3.77
9.574,-11.55,3.77
9.577,-11.55,3.77
9.579,-11.54,3.77
9.581,-11.53,3.77
9.583,-11.53,3.77
9.585,-11.53,2.51
9.587,-11.52,2.51
9.589,-11.51,2.51
9.592,-11.51,2.51
9.594,-11.5,2.51
9.596,-11.5,2.51
9.598,-11.49,2.51
9.601,-11.49,2.51
9.603,-11.49,2.51
9.605,-11.48,2.51
9.608,-11.47,1.88
9.61,-11.47,1.88
9.612,-11.47,1.88
9.614,-11.47,1.88
9.616,-11.47,1.88
9.618,-11.46,1.88
9.625,-11.45,1.88
9.628,-11.45,1.88
9.63,-11.45,0.58
9.637,-11.44,0.58
9.639,-11.44,0.58
9.641,-11.44,0.63
10.015,-11.44,0.02
10.165,-11.43,0.05
10.179,-11.42,0.46
10.184,-11.42,0.46
10.186,-11.42,0.46
10.188,-11.41,0.46
10.191,-11.41,1.26
10.193,-11.4,1.26
10.195,-11.4,1.26
10.198,-11.39,1.26
10.2,-11.38,1.26
10.203,-11.38,2.88
10.205,-11.36,2.88
10.207,-11.35,2.88
10.209,-11.35,2.88
10.211,-11.33,2.88
10.214,-11.32,5.02
10.216,-11.31,5.02
10.218,-11.29,5.02
10.22,-11.27,5.02
10.222,-11.26,5.02
10.225,-11.24,7.53
10.227,-11.22,7.53
10.229,-11.2,7.53
10.231,-11.18,7.53
10.233,-11.15,7.53
10.236,-11.13,9.21
10.238,-11.1,9.21
10.241,-11.08,9.21
10.243,-11.04,9.21
10.245,-11.02,9.21
10.248,-10.99,11.51
10.25,-10.95,11.51
10.252,-10.92,11.51
10.255,-10.89,11.51
10.257,-10.85,11.51
10.259,-10.82,15.7
10.261,-10.78,15.7
10.264,-10.74,15.7
10.266,-10.71,15.7
10.268,-10.66,15.7
10.27,-10.62,17.58
10.273,-10.58,17.58
10.275,-10.54,17.58
10.277,-10.49,17.58
10.28,-10.45,17.58
10.283,-10.4,16.47
10.285,-10.36,16.47
10.287,-10.31,16.47
10.29,-10.27,16.47
10.292,-10.22,16.47
10.294,-10.17,21.35
10.297,-10.13,21.35
10.299,-10.08,21.35
10.301,-10.03,21.35
10.303,-9.98,21.35
10.306,-9.93,21.35
10.308,-9.88,21.35
10.31,-9.84,21.35
10.312,-9.79,21.35
10.314,-9.75,21.35
10.317,-9.69,20.14
10.319,-9.65,20.14
10.321,-9.6,20.14
10.323,-9.56,20.14
10.327,-9.51,20.14
10.329,-9.46,18.99
10.331,-9.42,18.99
10.333,-9.38,18.99
10.336,-9.33,18.99
10.338,-9.29,18.99
10.34,-9.25,20.09
10.342,-9.21,20.09
10.345,-9.16,20.09
10.347,-9.12,20.09
10.349,-9.08,20.09
10.351,-9.03,18.84
10.353,-9.0,18.84
10.356,-8.96,18.84
10.358,-8.92,18.84
10.36,-8.88,18.84
10.362,-8.84,18.21
10.365,-8.8,18.21
10.368,-8.76,18.21
10.37,-8.73,18.21
10.372,-8.69,18.21
10.374,-8.65,15.54
10.377,-8.62,15.54
10.379,-8.58,15.54
10.381,-8.54,15.54
10.383,-8.51,15.54
10.386,-8.47,16.32
10.388,-8.44,16.32
10.39,-8.41,16.32
10.392,-8.38,16.32
10.394,-8.34,16.32
10.397,-8.31,15.07
10.399,-8.27,15.07
10.401,-8.24,15.07
10.403,-8.21,15.07
10.405,-8.18,15.07
10.408,-8.15,13.24
10.411,-8.12,13.24
10.413,-8.09,13.24
10.415,-8.06,13.24
10.417,-8.03,13.24
10.42,-8.0,12.66
10.422,-7.97,12.66
10.424,-7.94,12.66
10.426,-7.91,12.66
10.429,-7.88,12.66
10.431,-7.85,13.19
10.433,-7.83,13.19
10.435,-7.8,13.19
10.437,-7.78,13.19
10.44,-7.75,13.19
10.442,-7.72,11.93
10.444,-7.69,11.93
10.446,-7.67,11.93
10.449,-7.65,11.93
10.451,-7.62,11.93
10.454,-7.6,10.36
10.456,-7.57,10.36
10.458,-7.55,10.36
10.461,-7.52,10.36
10.463,-7.5,10.36
10.465,-7.48,10.67
10.467,-7.45,10.67
10.469,-7.43,10.67
10.472,-7.41,10.67
10.474,-7.39,10.67
10.476,-7.37,10.05
10.478,-7.35,10.05
10.481,-7.33,10.05
10.483,-7.31,10.05
10.485,-7.29,10.05
10.487,-7.27,9.42
10.489,-7.25,9.42
10.491,-7.23,9.42
10.494,-7.21,9.42
10.497,-7.19,9.42
10.499,-7.18,7.48
10.501,-7.16,7.48
10.503,-7.14,7.48
10.505,-7.12,7.48
10.508,-7.11,7.48
10.51,-7.09,8.16
10.512,-7.07,8.16
10.514,-7.06,8.16
10.516,-7.04,8.16
10.518,-7.02,8.16
10.52,-7.01,8.16
10.523,-7.0,6.91
10.525,-6.98,6.91
10.527,-6.97,6.91
10.529,-6.96,6.91
10.531,-6.94,6.91
10.533,-6.93,6.91
10.536,-6.91,6.91
10.539,-6.9,6.91
10.541,-6.89,6.91
10.543,-6.87,6.91
10.545,-6.87,6.91
10.547,-6.85,5.18
10.55,-6.84,5.18
10.552,-6.83,5.18
10.554,-6.82,5.18
10.556,-6.8,5.18
10.558,-6.8,5.02
10.56,-6.78,5.02
10.562,-6.78,5.02
10.565,-6.76,5.02
10.567,-6.75,5.02
10.569,-6.74,4.4
10.571,-6.73,4.4
10.573,-6.73,4.4
10.575,-6.72,4.4
10.578,-6.71,4.4
10.58,-6.7,4.4
10.583,-6.69,4.4
10.585,-6.69,4.4
10.587,-6.68,4.4
10.589,-6.66,4.4
10.592,-6.66,3.14
10.594,-6.65,3.14
10.596,-6.64,3.14
10.598,-6.64,3.14
10.6,-6.64,3.14
10.602,-6.63,3.14
10.604,-6.62,3.14
10.607,-6.62,3.14
10.609,-6.61,3.14
10.611,-6.61,3.14
10.613,-6.6,2.51
10.615,-6.6,2.51
10.617,-6.6,2.51
10.619,-6.59,2.51
10.622,-6.58,2.51
10.625,-6.58,1.73
10.627,-6.58,1.73
10.629,-6.58,1.73
10.631,-6.57,1.73
10.633,-6.57,1.73
10.635,-6.57,1.73
10.638,-6.56,1.59
10.643,-6.55,1.59
10.645,-6.55,1.59
10.647,-6.55,1.59
10.649,-6.55,0.63
10.651,-6.55,0.63
10.654,-6.55,0.63
10.656,-6.55,0.63
10.658,-6.55,0.63
10.66,-6.55,0.63
10.662,-6.54,0.63
10.664,-6.54,0.63
10.667,-6.54,0.63
10.67,-6.54,0.63
10.672,-6.54,0.58
10.683,-6.55,-0.63
11.203,-6.54,0.01
11.226,-6.53,0.3
11.232,-6.53,0.3
11.235,-6.53,0.3
11.237,-6.53,0.63
11.239,-6.52,0.63
11.241,-6.52,0.63
11.243,-6.51,0.63
11.245,-6.51,0.63
11.247,-6.5,0.63
11.25,-6.5,2.3
11.252,-6.49,2.3
11.254,-6.49,2.3
11.256,-6.48,2.3
11.258,-6.47,2.3
11.26,-6.46,3.77
11.262,-6.45,3.77
11.266,-6.44,3.77
11.268,-6.43,3.77
11.27,-6.42,3.77
11.272,-6.4,4.6
11.274,-6.39,4.6
11.276,-6.37,4.6
11.278,-6.36,4.6
11.281,-6.35,4.6
11.283,-6.33,6.91
11.285,-6.31,6.91
11.287,-6.29,6.91
11.289,-6.27,6.91
11.291,-6.25,6.91
11.294,-6.22,9.42
11.296,-6.2,9.42
11.298,-6.17,9.42
11.3,-6.15,9.42
11.302,-6.12,9.42
11.304,-6.09,9.42
11.308,-6.06,12.22
11.31,-6.03,12.22
11.312,-6.0,12.22
11.314,-5.96,12.22
11.316,-5.92,12.22
11.319,-5.88,14.96
11.321,-5.84,14.96
11.323,-5.8,14.96
11.325,-5.76,14.96
11.328,-5.72,14.96
11.33,-5.67,19.46
11.332,-5.62,19.46
11.334,-5.57,19.46
11.337,-5.53,19.46
11.339,-5.48,19.46
11.341,-5.42,21.98
11.343,-5.37,21.98
11.345,-5.33,21.98
11.348,-5.27,21.98
11.351,-5.21,21.98
11.353,-5.16,21.87
11.355,-5.11,21.87
11.358,-5.06,21.87
11.36,-5.0,21.87
11.362,-4.95,21.87
11.364,-4.89,25.12
11.367,-4.83,25.12
11.369,-4.78,25.12
11.371,-4.72,25.12
11.373,-4.68,25.12
11.376,-4.61,24.49
11.378,-4.57,24.49
11.38,-4.51,24.49
11.382,-4.45,24.49
11.385,-4.41,24.49
11.387,-4.35,22.45
11.389,-4.3,22.45
11.392,-4.25,22.45
11.394,-4.19,22.45
11.397,-4.14,22.45
11.399,-4.1,21.3
11.401,-4.04,21.3
11.403,-3.99,21.3
11.406,-3.94,21.3
11.408,-3.9,21.3
11.41,-3.85,21.98
11.412,-3.81,21.98
11.415,-3.76,21.98
11.417,-3.71,21.98
11.419,-3.67,21.98
11.421,-3.62,21.35
11.424,-3.58,21.35
11.426,-3.54,21.35
11.428,-3.49,21.35
11.43,-3.45,21.35
11.432,-3.41,19.46
11.436,-3.36,19.46
11.438,-3.32,19.46
11.44,-3.28,19.46
11.442,-3.24,19.46
11.445,-3.2,17.27
11.447,-3.16,17.27
11.449,-3.12,17.27
11.451,-3.08,17.27
11.453,-3.05,17.27
11.456,-3.0,16.12
11.458,-2.96,16.12
11.46,-2.93,16.12
11.462,-2.89,16.12
11.465,-2.85,16.12
11.467,-2.82,16.95
11.469,-2.78,16.95
11.471,-2.75,16.95
11.473,-2.71,16.95
11.476,-2.68,16.95
11.479,-2.65,14.39
11.481,-2.6,14.39
11.483,-2.58,14.39
11.486,-2.54,14.39
11.488,-2.51,14.39
11.49,-2.47,15.07
11.492,-2.44,15.07
11.495,-2.41,15.07
11.497,-2.38,15.07
11.499,-2.35,15.07
11.501,-2.31,14.44
11.503,-2.29,14.44
11.506,-2.26,14.44
11.508,-2.22,14.44
11.51,-2.2,14.44
11.512,-2.17,13.81
11.515,-2.14,13.81
11.517,-2.11,13.81
11.52,-2.08,13.81
11.522,-2.05,13.81
11.524,-2.02,12.09
11.527,-2.0,12.09
11.529,-1.98,12.09
11.531,-1.95,12.09
11.533,-1.92,12.09
11.535,-1.89,11.3
11.538,-1.87,11.3
11.54,-1.84,11.3
11.542,-1.82,11.3
11.544,-1.8,11.3
11.547,-1.77,11.3
11.549,-1.75,11.3
11.551,-1.72,11.3
11.553,-1.7,11.3
11.555,-1.68,11.3
11.558,-1.65,10.67
11.56,-1.63,10.67
11.563,-1.61,10.67
11.565,-1.59,10.67
11.567,-1.57,10.67
11.57,-1.55,9.21
11.572,-1.53,9.21
11.574,-1.51,9.21
11.576,-1.48,9.21
11.578,-1.46,9.21
11.58,-1.44,8.79
11.583,-1.43,8.79
11.585,-1.41,8.79
11.587,-1.4,8.79
11.589,-1.37,8.79
11.591,-1.35,8.16
11.593,-1.34,8.16
11.595,-1.32,8.16
11.598,-1.31,8.16
11.6,-1.29,8.16
11.602,-1.27,8.16
11.604,-1.26,8.16
11.607,-1.24,8.16
11.609,-1.22,8.16
11.611,-1.21,8.16
11.614,-1.19,6.33
11.616,-1.18,6.33
11.618,-1.17,6.33
11.62,-1.15,6.33
11.622,-1.14,6.33
11.624,-1.13,6.33
11.627,-1.11,6.91
11.629,-1.1,6.91
11.631,-1.08,6.91
11.633,-1.07,6.91
11.635,-1.06,6.91
11.637,-1.05,5.65
11.64,-1.04,5.65
11.642,-1.02,5.65
11.644,-1.02,5.65
11.646,-1.0,5.65
11.649,-0.99,4.6
11.651,-0.98,4.6
11.653,-0.97,4.6
11.655,-0.96,4.6
11.658,-0.95,4.6
11.66,-0.94,5.02
11.662,-0.93,5.02
11.664,-0.93,5.02
11.666,-0.91,5.02
11.668,-0.9,5.02
11.67,-0.9,5.02
11.673,-0.89,4.03
11.675,-0.88,4.03
11.677,-0.87,4.03
11.679,-0.86,4.03
11.681,-0.86,4.03
11.683,-0.85,3.77
11.685,-0.84,3.77
11.688,-0.84,3.77
11.691,-0.83,3.77
11.693,-0.82,3.77
11.695,-0.82,2.3
11.697,-0.81,2.3
11.699,-0.81,2.3
11.701,-0.8,2.3
11.703,-0.8,2.3
11.706,-0.79,2.3
11.708,-0.79,2.66
11.71,-0.78,2.66
11.712,-0.78,2.66
11.714,-0.77,2.66
11.716,-0.77,2.66
11.718,-0.77,2.66
11.721,-0.77,1.73
11.723,-0.76,1.73
11.725,-0.76,1.73
11.727,-0.75,1.73
11.729,-0.75,1.73
11.731,-0.75,1.26
11.734,-0.75,1.26
11.737,-0.75,1.26
11.739,-0.75,1.26
11.741,-0.74,1.26
11.743,-0.74,1.15
12.234,-0.73,0.01
12.29,-0.73,0.12
12.305,-0.72,0.49
12.312,-0.71,0.49
12.314,-0.71,0.49
12.316,-0.7,0.58
12.318,-0.7,0.58
12.32,-0.7,0.58
12.322,-0.7,0.58
12.324,-0.69,0.58
12.326,-0.68,0.58
12.329,-0.68,2.13
12.332,-0.68,2.13
12.334,-0.67,2.13
12.336,-0.66,2.13
12.338,-0.66,2.13
12.34,-0.65,3.14
12.343,-0.64,3.14
12.345,-0.64,3.14
12.347,-0.62,3.14
12.349,-0.61,3.14
12.351,-0.61,3.77
12.353,-0.59,3.77
12.355,-0.59,3.77
12.358,-0.58,3.77
12.36,-0.57,3.77
12.362,-0.55,5.02
12.364,-0.55,5.02
12.366,-0.53,5.02
12.368,-0.52,5.02
12.37,-0.5,5.02
12.374,-0.49,5.02
12.376,-0.48,5.43
12.378,-0.46,5.43
12.38,-0.45,5.43
12.382,-0.44,5.43
12.384,-0.41,5.43
12.386,-0.4,5.43
12.389,-0.38,8.06
12.391,-0.37,8.06
12.393,-0.35,8.06
12.395,-0.32,8.06
12.397,-0.3,8.06
12.399,-0.28,8.79
12.402,-0.26,8.79
12.404,-0.24,8.79
12.406,-0.21,8.79
12.408,-0.19,8.79
12.41,-0.17,10.67
12.412,-0.14,10.67
12.416,-0.11,10.67
12.418,-0.08,10.67
12.42,-0.05,10.67
12.422,-0.01,12.09
12.424,0.01,12.09
12.427,0.05,12.09
12.429,0.08,12.09
12.431,0.12,12.09
12.433,0.17,16.32
12.435,0.21,16.32
12.438,0.25,16.32
12.44,0.29,16.32
12.442,0.33,16.32
12.444,0.38,20.09
12.447,0.43,20.09
12.449,0.48,20.09
12.451,0.53,20.09
12.453,0.58,20.09
12.455,0.64,23.23
12.459,0.69,23.23
12.461,0.75,23.23
12.463,0.8,23.23
12.465,0.86,23.23
12.467,0.92,23.02
12.47,0.97,23.02
12.472,1.03,23.02
12.474,1.09,23.02
12.476,1.15,23.02
12.478,1.21,27.0
12.481,1.27,27.0
12.483,1.33,27.0
12.485,1.39,27.0
12.487,1.44,27.0
12.49,1.51,26.37
12.492,1.56,26.37
12.494,1.62,26.37
12.496,1.68,26.37
12.498,1.73,26.37
12.502,1.8,22.85
12.504,1.85,22.85
12.506,1.91,22.85
12.508,1.97,22.85
12.51,2.02,22.85
12.513,2.08,25.74
12.515,2.13,25.74
12.517,2.19,25.74
12.519,2.24,25.74
12.522,2.29,25.74
12.524,2.35,24.49
12.526,2.4,24.49
12.528,2.45,24.49
12.531,2.51,24.49
12.533,2.56,24.49
12.535,2.61,23.23
12.537,2.66,23.23
12.539,2.71,23.23
12.542,2.76,23.23
12.545,2.8,23.23
12.547,2.86,20.72
12.549,2.91,20.72
12.552,2.95,20.72
12.554,3.0,20.72
12.556,3.05,20.72
12.558,3.09,21.35
12.56,3.14,21.35
12.563,3.18,21.35
12.565,3.23,21.35
12.567,3.27,21.35
12.569,3.32,20.09
12.571,3.36,20.09
12.574,3.39,20.09
12.576,3.43,20.09
12.578,3.47,20.09
12.58,3.52,18.21
12.583,3.55,18.21
12.585,3.59,18.21
12.588,3.63,18.21
12.59,3.66,18.21
12.592,3.7,15.54
12.595,3.74,15.54
12.597,3.76,15.54
12.599,3.8,15.54
12.601,3.83,15.54
12.603,3.87,15.07
12.606,3.9,15.07
12.608,3.93,15.07
12.61,3.96,15.07
12.612,3.99,15.07
12.614,4.01,13.81
12.616,4.04,13.81
12.619,4.07,13.81
12.621,4.1,13.81
12.623,4.12,13.81
12.625,4.15,11.93
12.627,4.17,11.93
12.631,4.19,11.93
12.633,4.22,11.93
12.635,4.24,11.93
12.637,4.27,9.78
12.639,4.29,9.78
12.642,4.3,9.78
12.644,4.32,9.78
12.646,4.34,9.78
12.648,4.37,9.42
12.65,4.39,9.42
12.652,4.4,9.42
12.654,4.42,9.42
12.656,4.44,9.42
12.659,4.45,8.16
12.661,4.47,8.16
12.663,4.49,8.16
12.665,4.5,8.16
12.667,4.52,8.16
12.669,4.53,8.16
12.673,4.54,6.91
12.675,4.56,6.91
12.677,4.57,6.91
12.679,4.59,6.91
12.681,4.6,6.91
12.683,4.61,5.65
12.685,4.62,5.65
12.687,4.63,5.65
12.69,4.65,5.65
12.692,4.66,5.65
12.694,4.67,5.02
12.696,4.68,5.02
12.698,4.68,5.02
12.7,4.69,5.02
12.702,4.7,5.02
12.704,4.71,5.02
12.707,4.72,4.25
12.709,4.72,4.25
12.711,4.73,4.25
12.713,4.74,4.25
12.716,4.75,4.25
12.718,4.75,3.14
12.721,4.76,3.14
12.723,4.77,3.14
12.725,4.77,3.14
12.727,4.78,3.14
12.729,4.79,3.14
12.732,4.79,3.14
12.734,4.79,3.14
12.736,4.8,3.14
12.739,4.81,3.14
12.741,4.81,1.73
12.743,4.81,1.73
12.745,4.82,1.73
12.747,4.82,1.73
12.749,4.83,1.73
12.751,4.83,1.73
12.754,4.83,2.3
12.761,4.84,2.3
12.763,4.84,2.3
12.765,4.84,0.58
12.767,4.85,0.58
12.769,4.85,0.58
12.771,4.85,0.58
12.773,4.85,0.58
12.775,4.86,0.58
12.778,4.86,1.06
13.752,4.86,0.01
13.766,4.87,0.53
13.776,4.88,0.63
13.784,4.88,0.63
13.786,4.88,0.63
13.788,4.88,0.58
13.79,4.89,0.58
13.792,4.89,0.58
13.795,4.9,0.58
13.797,4.9,0.58
13.799,4.9,1.88
13.801,4.91,1.88
13.803,4.91,1.88
13.805,4.92,1.88
13.807,4.92,1.88
13.809,4.93,1.88
13.812,4.94,2.88
13.814,4.95,2.88
13.816,4.95,2.88
13.818,4.96,2.88
13.82,4.97,2.88
13.822,4.97,3.14
13.825,4.98,3.14
13.827,4.99,3.14
13.83,5.0,3.14
13.832,5.01,3.14
13.834,5.02,4.03
13.836,5.03,4.03
13.838,5.04,4.03
13.84,5.05,4.03
13.842,5.06,4.03
13.844,5.08,4.03
13.847,5.08,4.78
13.849,5.1,4.78
13.851,5.11,4.78
13.853,5.12,4.78
13.855,5.14,4.78
13.857,5.15,4.78
13.86,5.16,6.33
13.862,5.17,6.33
13.864,5.19,6.33
13.867,5.2,6.33
13.869,5.21,6.33
13.871,5.23,5.76
13.873,5.24,5.76
13.875,5.26,5.76
13.878,5.28,5.76
13.88,5.29,5.76
13.882,5.3,6.91
13.884,5.32,6.91
13.886,5.33,6.91
13.888,5.35,6.91
13.89,5.37,6.91
13.893,5.38,6.91
13.895,5.39,6.91
13.897,5.41,6.91
13.899,5.42,6.91
13.901,5.44,6.91
13.903,5.46,6.91
13.906,5.47,7.48
13.908,5.49,7.48
13.911,5.5,7.48
13.913,5.52,7.48
13.915,5.53,7.48
13.917,5.55,6.91
13.919,5.57,6.91
13.921,5.59,6.91
13.924,5.6,6.91
13.926,5.62,6.91
13.928,5.64,7.53
13.93,5.66,7.53
13.932,5.67,7.53
13.934,5.68,7.53
13.936,5.7,7.53
13.939,5.73,7.53
13.941,5.75,8.5
13.943,5.76,8.5
13.945,5.78,8.5
13.947,5.8,8.5
13.949,5.82,8.5
13.952,5.84,8.79
13.955,5.86,8.79
13.957,5.88,8.79
13.959,5.91,8.79
13.961,5.93,8.79
13.963,5.95,10.05
13.965,5.98,10.05
13.968,6.0,10.05
13.97,6.03,10.05
13.972,6.06,10.05
13.974,6.08,11.93
13.976,6.11,11.93
13.978,6.15,11.93
13.981,6.17,11.93
13.983,6.21,11.93
13.985,6.24,13.81
13.987,6.27,13.81
13.99,6.31,13.81
13.992,6.35,13.81
13.995,6.38,13.81
13.997,6.42,14.96
13.999,6.46,14.96
14.002,6.5,14.96
14.004,6.54,14.96
14.006,6.58,14.96
14.008,6.63,19.46
14.01,6.68,19.46
14.013,6.72,19.46
14.015,6.77,19.46
14.017,6.82,19.46
14.019,6.87,21.98
14.022,6.93,21.98
14.024,6.98,21.98
14.026,7.03,21.98
14.028,7.09,21.98
14.03,7.14,24.49
14.033,7.2,24.49
14.035,7.25,24.49
14.038,7.31,24.49
14.04,7.37,24.49
14.043,7.42,23.6
14.045,7.49,23.6
14.047,7.54,23.6
14.049,7.6,23.6
14.051,7.66,23.6
14.054,7.71,26.37
14.056,7.78,26.37
14.058,7.83,26.37
14.06,7.89,26.37
14.062,7.94,26.37
14.065,8.0,23.6
14.067,8.05,23.6
14.069,8.11,23.6
14.071,8.16,23.6
14.073,8.21,23.6
14.076,8.27,23.86
14.078,8.32,23.86
14.081,8.37,23.86
14.083,8.42,23.86
14.086,8.47,23.86
14.088,8.52,21.87
14.09,8.57,21.87
14.092,8.63,21.87
14.094,8.67,21.87
14.097,8.72,21.87
14.099,8.77,22.6
14.101,8.82,22.6
14.103,8.87,22.6
14.106,8.92,22.6
14.108,8.96,22.6
14.11,9.01,21.35
14.112,9.05,21.35
14.114,9.1,21.35
14.117,9.14,21.35
14.119,9.19,21.35
14.121,9.23,20.72
14.124,9.28,20.72
14.126,9.32,20.72
14.129,9.37,20.72
14.131,9.41,20.72
14.133,9.46,17.84
14.135,9.5,17.84
14.138,9.54,17.84
14.14,9.58,17.84
14.142,9.62,17.84
14.144,9.66,19.46
14.146,9.7,19.46
14.149,9.74,19.46
14.151,9.78,19.46
14.153,9.82,19.46
14.155,9.86,17.58
14.157,9.9,17.58
14.16,9.93,17.58
14.162,9.97,17.58
14.164,10.01,17.58
14.167,10.05,16.12
14.17,10.08,16.12
14.172,10.12,16.12
14.174,10.16,16.12
14.176,10.19,16.12
14.179,10.24,16.32
14.181,10.27,16.32
14.183,10.3,16.32
14.185,10.34,16.32
14.188,10.37,16.32
14.19,10.41,14.96
14.192,10.44,14.96
14.194,10.47,14.96
14.197,10.51,14.96
14.199,10.54,14.96
14.201,10.57,14.44
14.203,10.6,14.44
14.206,10.64,14.44
14.209,10.66,14.44
14.211,10.7,14.44
14.213,10.73,13.24
14.216,10.76,13.24
14.218,10.79,13.24
14.22,10.82,13.24
14.222,10.84,13.24
14.225,10.88,12.09
14.227,10.91,12.09
14.229,10.93,12.09
14.231,10.96,12.09
14.234,10.99,12.09
14.236,11.02,12.56
14.238,11.04,12.56
14.24,11.06,12.56
14.243,11.09,12.56
14.245,11.12,12.56
14.247,11.15,11.93
14.249,11.17,11.93
14.253,11.2,11.93
14.255,11.22,11.93
14.257,11.24,11.93
14.259,11.26,10.36
14.262,11.29,10.36
14.264,11.31,10.36
14.266,11.33,10.36
14.268,11.35,10.36
14.271,11.38,9.78
14.273,11.4,9.78
14.275,11.42,9.78
14.277,11.44,9.78
14.279,11.47,9.78
14.281,11.49,9.78
14.284,11.51,9.56
14.286,11.53,9.56
14.288,11.54,9.56
14.29,11.56,9.56
14.292,11.58,9.56
14.296,11.6,7.48
14.298,11.62,7.48
14.3,11.64,7.48
14.302,11.65,7.48
14.304,11.67,7.48
14.307,11.69,7.48
14.309,11.71,7.97
14.311,11.72,7.97
14.313,11.73,7.97
14.315,11.76,7.97
14.317,11.77,7.97
14.32,11.78,7.53
14.322,11.8,7.53
14.324,11.82,7.53
14.326,11.83,7.53
14.328,11.85,7.53
14.331,11.86,7.53
14.333,11.87,6.91
14.336,11.89,6.91
14.338,11.9,6.91
14.34,11.91,6.91
14.342,11.92,6.91
14.345,11.93,5.18
14.347,11.95,5.18
14.349,11.96,5.18
14.351,11.97,5.18
14.353,11.98,5.18
14.356,12.0,5.18
14.358,12.0,5.31
14.36,12.02,5.31
14.362,12.02,5.31
14.364,12.04,5.31
14.366,12.05,5.31
14.369,12.06,4.4
14.371,12.07,4.4
14.373,12.07,4.4
14.375,12.08,4.4
14.377,12.09,4.4
14.381,12.1,4.4
14.383,12.11,4.4
14.385,12.11,4.4
14.387,12.12,4.4
14.389,12.13,4.4
14.392,12.14,3.77
14.394,12.15,3.77
14.396,12.16,3.77
14.398,12.16,3.77
14.4,12.16,3.77
14.402,12.17,2.51
14.405,12.18,2.51
14.407,12.18,2.51
14.409,12.19,2.51
14.411,12.2,2.51
14.413,12.2,2.51
14.415,12.2,2.51
14.418,12.21,2.51
14.42,12.21,2.51
14.423,12.22,2.51
14.425,12.22,1.73
14.427,12.22,1.73
14.43,12.23,1.73
14.432,12.23,1.73
14.434,12.23,1.73
14.436,12.24,1.88
14.44,12.25,1.88
14.442,12.25,1.88
14.445,12.25,1.88
14.447,12.25,0.63
14.45,12.25,0.63
14.452,12.25,0.63
14.454,12.25,0.63
14.456,12.25,0.63
14.459,12.25,0.58
14.873,12.26,0.02
14.884,12.27,0.58
14.888,12.27,0.58
14.891,12.27,0.58
14.893,12.27,0.58
14.896,12.28,1.26
14.898,12.29,1.26
14.9,12.29,1.26
14.902,12.29,1.26
14.904,12.3,1.26
14.907,12.31,2.51
14.909,12.31,2.51
14.911,12.31,2.51
14.913,12.33,2.51
14.915,12.34,2.51
14.917,12.34,3.14
14.92,12.35,3.14
14.922,12.36,3.14
14.924,12.37,3.14
14.926,12.38,3.14
14.928,12.4,4.4
14.931,12.4,4.4
14.934,12.42,4.4
14.936,12.43,4.4
14.938,12.45,4.4
14.94,12.47,5.76
14.942,12.48,5.76
14.945,12.5,5.76
14.947,12.51,5.76
14.949,12.54,5.76
14.951,12.56,8.79
14.953,12.58,8.79
14.956,12.6,8.79
14.958,12.63,8.79
14.96,12.65,8.79
14.962,12.67,10.67
14.964,12.7,10.67
14.967,12.73,10.67
14.969,12.76,10.67
14.971,12.79,10.67
14.973,12.83,13.19
14.977,12.85,13.19
14.979,12.89,13.19
14.981,12.92,13.19
14.983,12.96,13.19
14.986,13.0,13.81
14.988,13.04,13.81
14.99,13.08,13.81
14.992,13.12,13.81
14.995,13.16,13.81
14.997,13.21,18.84
14.999,13.25,18.84
15.002,13.3,18.84
15.004,13.34,18.84
15.006,13.38,18.84
15.008,13.43,20.09
15.011,13.48,20.09
15.013,13.52,20.09
15.015,13.56,20.09
15.017,13.61,20.09
15.021,13.66,18.99
15.023,13.7,18.99
15.025,13.75,18.99
15.027,13.8,18.99
15.03,13.84,18.99
15.032,13.89,19.57
15.034,13.94,19.57
15.036,13.99,19.57
15.039,14.03,19.57
15.041,14.08,19.57
15.043,14.12,20.72
15.046,14.17,20.72
15.048,14.21,20.72
15.05,14.26,20.72
15.052,14.3,20.72
15.055,14.35,20.72
15.057,14.39,20.72
15.059,14.44,20.72
15.062,14.48,20.72
15.065,14.52,16.32
15.067,14.57,16.32
15.069,14.61,16.32
15.071,14.65,16.32
15.074,14.69,16.32
15.076,14.74,18.84
15.078,14.77,18.84
15.081,14.81,18.84
15.083,14.86,18.84
15.085,14.9,18.84
15.087,14.94,18.21
15.09,14.97,18.21
15.092,15.02,18.21
15.094,15.05,18.21
15.096,15.09,18.21
15.099,15.13,17.58
15.101,15.17,17.58
15.104,15.2,17.58
15.106,15.24,17.58
15.109,15.27,13.19
15.111,15.31,13.19
15.113,15.34,13.19
15.115,15.38,13.19
15.118,15.41,13.19
15.12,15.44,15.7
15.122,15.48,15.7
15.124,15.51,15.7
15.127,15.55,15.7
15.129,15.57,15.7
15.131,15.61,15.07
15.133,15.64,15.07
15.136,15.67,15.07
15.138,15.7,15.07
15.14,15.73,15.07
15.142,15.76,13.81
15.145,15.8,13.81
15.148,15.82,13.81
15.15,15.85,13.81
15.152,15.88,13.81
15.155,15.91,11.16
15.157,15.93,11.16
15.159,15.96,11.16
15.161,15.99,11.16
15.164,16.02,11.16
15.166,16.04,12.56
15.168,16.07,12.56
15.17,16.09,12.56
15.173,16.12,12.56
15.175,16.15,12.56
15.177,16.18,11.3
15.179,16.2,11.3
15.182,16.22,11.3
15.184,16.24,11.3
15.186,16.27,11.3
15.188,16.29,11.3
15.192,16.31,11.3
15.194,16.34,11.3
15.196,16.36,11.3
15.198,16.38,11.3
15.201,16.4,9.21
15.203,16.42,9.21
15.205,16.44,9.21
15.207,16.47,9.21
15.209,16.49,9.21
15.212,16.51,9.42
15.214,16.53,9.42
15.216,16.55,9.42
15.218,16.56,9.42
15.22,16.58,9.42
15.223,16.6,8.79
15.225,16.62,8.79
15.227,16.64,8.79
15.229,16.66,8.79
15.232,16.67,8.79
15.235,16.69,6.91
15.237,16.71,6.91
15.239,16.72,6.91
15.241,16.74,6.91
15.243,16.76,6.91
15.245,16.77,7.53
15.248,16.79,7.53
15.25,16.8,7.53
15.252,16.82,7.53
15.254,16.83,7.53
15.256,16.85,6.91
15.259,16.86,6.91
15.261,16.87,6.91
15.263,16.89,6.91
15.265,16.9,6.91
15.267,16.91,6.28
15.269,16.93,6.28
15.272,16.94,6.28
15.275,16.95,6.28
15.277,16.96,6.28
15.279,16.98,5.18
15.281,16.98,5.18
15.284,17.0,5.18
15.286,17.01,5.18
15.288,17.02,5.18
15.29,17.03,5.02
15.292,17.04,5.02
15.294,17.05,5.02
15.297,17.06,5.02
15.299,17.07,5.02
15.301,17.08,4.4
15.303,17.09,4.4
15.305,17.1,4.4
15.307,17.11,4.4
15.31,17.11,4.4
15.312,17.12,3.77
15.314,17.13,3.77
15.316,17.14,3.77
15.319,17.14,3.77
15.322,17.15,3.77
15.324,17.16,2.88
15.326,17.16,2.88
15.328,17.17,2.88
15.33,17.18,2.88
15.332,17.18,2.88
15.335,17.19,3.14
15.337,17.2,3.14
15.339,17.2,3.14
15.341,17.2,3.14
15.343,17.21,3.14
15.346,17.22,3.14
15.348,17.22,2.13
15.35,17.23,2.13
15.352,17.23,2.13
15.354,17.23,2.13
15.356,17.23,2.13
15.36,17.24,1.73
15.362,17.25,1.73
15.364,17.25,1.73
15.366,17.25,1.73
15.368,17.25,1.73
15.371,17.25,1.73
15.373,17.25,1.06
15.375,17.26,1.06
15.377,17.26,1.06
15.379,17.26,1.06
15.381,17.26,1.06
15.384,17.26,0.63
15.388,17.27,0.63
15.39,17.27,0.63
15.392,17.27,0.63
15.394,17.27,0.63
15.397,17.27,0.58
