0,4.925044,0.0,0.0,0.0
1,4.938524,0.0,0.0,0.0
2,4.949984,0.0,0.0,0.0
3,4.96276,0.0,0.0,0.0
4,4.976012,0.0,0.0,0.0
5,4.98904,0.0,0.0,0.0
6,5.00182,0.0,0.5912302841130791,0.0
7,5.015904,0.0,0.5912302841130791,0.0
8,5.026496,0.0,0.5912302841130791,0.0
9,5.040208,0.0,0.5901394533305827,0.0
10,5.052484,0.0,0.5901394533305827,0.0
11,5.065944,-0.34579335805137656,0.5901394533305827,0.0
12,5.07824,-0.34579335805137656,0.5901394533305827,0.0
13,5.092044,-0.34579335805137656,0.5901394533305827,0.0
14,5.105812,-0.34470252726888007,0.5901394533305827,0.0
15,5.118376,-0.34470252726888007,0.5901394533305827,0.0
16,5.129516,-0.34470252726888007,0.5901394533305827,0.0
17,5.14312,-0.34470252726888007,0.5901394533305827,0.0
18,5.156568,-0.34470252726888007,0.5901394533305827,0.0
19,5.16934,-0.34470252726888007,0.5901394533305827,0.0
20,5.180292,-0.34470252726888007,0.5901394533305827,0.0
21,5.192976,-0.34470252726888007,0.5901394533305827,0.0
22,5.206916,-0.34579335805137656,0.5901394533305827,0.0
23,5.21952,-0.34579335805137656,0.5901394533305827,0.0
24,5.230368,-0.34579335805137656,0.5890486225480862,0.0
25,5.243232,-0.34579335805137656,0.5890486225480862,0.0
26,5.256688,-0.34579335805137656,0.5890486225480862,0.0
27,5.269324,-0.34579335805137656,0.5890486225480862,0.0
28,5.280516,-0.34470252726888007,0.5890486225480862,0.0
29,5.295072,-0.34470252726888007,0.5890486225480862,0.0
30,5.308352,-0.34470252726888007,0.5901394533305827,0.0
31,5.320572,-0.34579335805137656,0.5901394533305827,0.0
32,5.331564,-0.34579335805137656,0.5901394533305827,0.0
33,5.346804,-0.34579335805137656,0.5901394533305827,0.0
34,5.357644,-0.34579335805137656,0.5901394533305827,0.0
35,5.370048,-0.34579335805137656,0.5901394533305827,0.0
36,5.38118,-0.34579335805137656,0.5901394533305827,0.0
37,5.396288,-0.34579335805137656,0.5901394533305827,0.0
38,5.409064,-0.34579335805137656,0.5901394533305827,0.0
39,5.42062,-0.34579335805137656,0.5901394533305827,0.0
40,5.432316,-0.34579335805137656,0.5901394533305827,0.0
41,5.446324,-0.34579335805137656,0.5901394533305827,0.0
42,5.459308,-0.34579335805137656,0.5901394533305827,0.0
43,5.471368,-0.34579335805137656,0.5901394533305827,0.0
44,5.48226,-0.34579335805137656,0.5901394533305827,0.0
45,5.498432,-0.34579335805137656,0.5890486225480862,0.0
46,5.509344,-0.34579335805137656,0.5890486225480862,0.0
47,5.521052,-0.34579335805137656,0.5890486225480862,0.0
48,5.531548,-0.34579335805137656,0.5890486225480862,0.0
49,5.545744,-0.34579335805137656,0.5890486225480862,0.0
50,5.558824,-0.34579335805137656,0.5890486225480862,0.0
51,5.570948,-0.34579335805137656,0.5890486225480862,0.0
52,5.5814,-0.34579335805137656,0.5890486225480862,0.0
53,5.59624,-0.34579335805137656,0.5890486225480862,0.0
54,5.60912,-0.34579335805137656,0.5890486225480862,0.0
55,5.621004,-0.34579335805137656,0.5890486225480862,0.0
56,5.632236,-0.34579335805137656,0.5890486225480862,0.0
57,5.64746,-0.34579335805137656,0.5890486225480862,0.0
58,5.659356,-0.34579335805137656,0.5890486225480862,0.0
59,5.671128,-0.34579335805137656,0.5890486225480862,0.0
60,5.681644,-0.34579335805137656,0.5890486225480862,0.0
61,5.694392,-0.34579335805137656,0.5890486225480862,0.0
62,5.70722,-0.34579335805137656,0.5879577917655898,0.0
63,5.719824,-0.34579335805137656,0.5879577917655898,0.0
64,5.730704,-0.34579335805137656,0.5879577917655898,0.0
65,5.744452,-0.34579335805137656,0.5879577917655898,0.0
66,5.757624,-0.34579335805137656,0.5879577917655898,0.0
67,5.769544,-0.34579335805137656,0.5879577917655898,0.0
68,5.7794,-0.34579335805137656,0.5879577917655898,0.0
69,5.792652,-0.34579335805137656,0.5879577917655898,0.0
70,5.806448,-0.34470252726888007,0.5879577917655898,0.0
71,5.818936,-0.34470252726888007,0.5868669609830933,0.0
72,5.82962,-0.34470252726888007,0.5868669609830933,0.0
73,5.841628,-0.34470252726888007,0.5868669609830933,0.0
74,5.853936,-0.34470252726888007,0.5868669609830933,0.0
75,5.867208,-0.34470252726888007,0.5868669609830933,0.0
76,5.877404,-0.34470252726888007,0.5868669609830933,0.0
77,5.891608,-0.34470252726888007,0.5868669609830933,0.0
78,5.904392,-0.34470252726888007,0.5868669609830933,0.0
79,5.9161,-0.34470252726888007,0.5868669609830933,0.0
80,5.92742,-0.34470252726888007,0.5868669609830933,0.0
81,5.941584,-0.34470252726888007,0.5868669609830933,0.0
82,5.954276,-0.34470252726888007,0.5868669609830933,0.0
83,5.967512,-0.34470252726888007,0.5868669609830933,0.0
84,5.977692,-0.34470252726888007,0.5868669609830933,0.0
85,5.991156,-0.34470252726888007,0.5868669609830933,0.0
86,6.004016,-0.3436116964863836,0.5868669609830933,0.0
87,6.0168,-0.3436116964863836,0.5868669609830933,0.0
88,6.027912,-0.3436116964863836,0.5868669609830933,0.0
89,6.043432,-0.3436116964863836,0.5857761302005968,0.0
90,6.057244,-0.3436116964863836,0.5857761302005968,0.0
91,6.070064,-0.3425208657038872,0.5857761302005968,0.0
92,6.080576,-0.3425208657038872,0.5857761302005968,0.0
93,6.093332,-0.3425208657038872,0.5857761302005968,0.0
94,6.107108,-0.3425208657038872,0.5857761302005968,0.0
95,6.121044,-0.3425208657038872,0.5846852994181004,0.0
96,6.132408,-0.3436116964863836,0.5846852994181004,0.0
97,6.144136,-0.3436116964863836,0.5846852994181004,0.0
98,6.157836,-0.34470252726888007,0.5846852994181004,0.0
99,6.170384,-0.34470252726888007,0.5846852994181004,0.0
100,6.181764,-0.34579335805137656,0.5846852994181004,0.0
101,6.195192,-0.346884188833873,0.5846852994181004,0.0
102,6.208048,-0.346884188833873,0.5846852994181004,0.0
103,6.220604,-0.34797501961636945,0.5846852994181004,0.0
104,6.23204,-0.34797501961636945,0.5857761302005968,0.0
105,6.245676,-0.3490658503988659,0.5857761302005968,0.0
106,6.258992,-0.3490658503988659,0.5846852994181004,0.0
107,6.27152,-0.3490658503988659,0.5835944686356039,0.0
108,6.28296,-0.3490658503988659,0.5825036378531074,0.0
109,6.295056,-0.3490658503988659,0.5825036378531074,0.0
110,6.308276,-0.3490658503988659,0.5825036378531074,0.0
111,6.32068,-0.3490658503988659,0.581412807070611,0.0
112,6.331424,-0.3490658503988659,0.581412807070611,0.0
113,6.34552,-0.35015668118136234,0.5825036378531074,0.0
114,6.358208,-0.35015668118136234,0.5825036378531074,0.0
115,6.371472,-0.35124751196385884,0.5835944686356039,0.0
116,6.383264,-0.35124751196385884,0.5835944686356039,0.0
117,6.399288,-0.35124751196385884,0.5835944686356039,0.0
118,6.411872,-0.35124751196385884,0.5857761302005968,0.0
119,6.42454,-0.35124751196385884,0.5857761302005968,0.0
120,6.43464,-0.35124751196385884,0.5857761302005968,0.0
121,6.448436,-0.35124751196385884,0.5846852994181004,0.001090830782496456
122,6.460848,-0.35124751196385884,0.5846852994181004,0.001090830782496456
123,6.475712,-0.3534291735288517,0.5835944686356039,0.002181661564992912
124,6.488168,-0.3534291735288517,0.5835944686356039,0.002181661564992912
125,6.50342,-0.3523383427463553,0.5835944686356039,0.002181661564992912
126,6.517596,-0.3523383427463553,0.5825036378531074,0.002181661564992912
127,6.529772,-0.35124751196385884,0.5825036378531074,0.002181661564992912
128,6.541808,-0.35124751196385884,0.5835944686356039,0.002181661564992912
129,6.554276,-0.35124751196385884,0.5835944686356039,0.002181661564992912
130,6.56772,-0.35124751196385884,0.5835944686356039,0.002181661564992912
131,6.580296,-0.35124751196385884,0.5846852994181004,0.002181661564992912
132,6.593716,-0.35124751196385884,0.5846852994181004,0.002181661564992912
133,6.607184,-0.35124751196385884,0.5857761302005968,0.002181661564992912
134,6.619368,-0.35124751196385884,0.5857761302005968,0.002181661564992912
135,6.628912,-0.3523383427463553,0.5857761302005968,0.002181661564992912
136,6.64166,-0.3523383427463553,0.5857761302005968,0.002181661564992912
137,6.65444,-0.3523383427463553,0.5857761302005968,0.002181661564992912
138,6.667184,-0.3523383427463553,0.5857761302005968,0.002181661564992912
139,6.67834,-0.3523383427463553,0.5857761302005968,0.002181661564992912
140,6.692,-0.3523383427463553,0.5846852994181004,0.002181661564992912
141,6.703852,-0.3523383427463553,0.5846852994181004,0.002181661564992912
142,6.717696,-0.3523383427463553,0.5846852994181004,0.002181661564992912
143,6.7291,-0.3523383427463553,0.5846852994181004,0.002181661564992912
144,6.743292,-0.3523383427463553,0.5846852994181004,0.002181661564992912
145,6.756656,-0.3523383427463553,0.5846852994181004,0.002181661564992912
146,6.769736,-0.3523383427463553,0.5846852994181004,0.002181661564992912
147,6.781732,-0.35124751196385884,0.5857761302005968,0.002181661564992912
148,6.795016,-0.35124751196385884,0.5857761302005968,0.002181661564992912
149,6.807612,-0.35124751196385884,0.5857761302005968,0.002181661564992912
150,6.8194,-0.35124751196385884,0.5857761302005968,0.002181661564992912
151,6.83062,-0.35124751196385884,0.5846852994181004,0.002181661564992912
152,6.844604,-0.35124751196385884,0.5846852994181004,0.002181661564992912
153,6.857356,-0.35124751196385884,0.5846852994181004,0.002181661564992912
154,6.86946,-0.35124751196385884,0.5846852994181004,0.002181661564992912
155,6.88064,-0.35124751196385884,0.5846852994181004,0.002181661564992912
156,6.893956,-0.35124751196385884,0.5846852994181004,0.002181661564992912
157,6.907768,-0.35124751196385884,0.5846852994181004,0.002181661564992912
158,6.919636,-0.35124751196385884,0.5846852994181004,0.002181661564992912
159,6.930812,-0.35124751196385884,0.5846852994181004,0.002181661564992912
160,6.943476,-0.35124751196385884,0.5846852994181004,0.002181661564992912
161,6.956856,-0.35124751196385884,0.5846852994181004,0.002181661564992912
162,6.970752,-0.35124751196385884,0.5857761302005968,0.002181661564992912
163,6.982264,-0.35124751196385884,0.5857761302005968,0.002181661564992912
164,6.997468,-0.35124751196385884,0.5857761302005968,0.002181661564992912
165,7.010572,-0.35124751196385884,0.5857761302005968,0.002181661564992912
166,7.022044,-0.35124751196385884,0.5857761302005968,0.002181661564992912
167,7.033232,-0.35124751196385884,0.5857761302005968,0.002181661564992912
168,7.048488,-0.35124751196385884,0.5857761302005968,0.002181661564992912
169,7.061112,-0.35124751196385884,0.5857761302005968,0.002181661564992912
170,7.07426,-0.35124751196385884,0.5857761302005968,0.002181661564992912
171,7.086668,-0.35124751196385884,0.5857761302005968,0.002181661564992912
172,7.101708,-0.35124751196385884,0.5857761302005968,0.002181661564992912
173,7.114572,-0.35124751196385884,0.5857761302005968,0.002181661564992912
174,7.127876,-0.35124751196385884,0.5857761302005968,0.002181661564992912
175,7.142052,-0.35124751196385884,0.5857761302005968,0.002181661564992912
176,7.153092,-0.35124751196385884,0.5857761302005968,0.002181661564992912
177,7.167316,-0.35124751196385884,0.5857761302005968,0.002181661564992912
178,7.17746,-0.35124751196385884,0.5857761302005968,0.002181661564992912
179,7.191996,-0.35124751196385884,0.5857761302005968,0.002181661564992912
180,7.20392,-0.35124751196385884,0.5857761302005968,0.002181661564992912
181,7.21616,-0.35124751196385884,0.5857761302005968,0.002181661564992912
182,7.228716,-0.35124751196385884,0.5857761302005968,0.002181661564992912
183,7.241916,-0.35124751196385884,0.5857761302005968,0.002181661564992912
184,7.254164,-0.35124751196385884,0.5857761302005968,0.002181661564992912
185,7.267376,-0.35124751196385884,0.5857761302005968,0.002181661564992912
186,7.278772,-0.35124751196385884,0.5857761302005968,0.002181661564992912
187,7.293792,-0.35124751196385884,0.5857761302005968,0.002181661564992912
188,7.30776,-0.35124751196385884,0.5857761302005968,0.002181661564992912
189,7.319812,-0.35124751196385884,0.5857761302005968,0.002181661564992912
190,7.329732,-0.35124751196385884,0.5857761302005968,0.002181661564992912
191,7.344392,-0.35124751196385884,0.5857761302005968,0.002181661564992912
192,7.358072,-0.35124751196385884,0.5857761302005968,0.002181661564992912
193,7.37104,-0.35124751196385884,0.5857761302005968,0.002181661564992912
194,7.38166,-0.35124751196385884,0.5857761302005968,0.002181661564992912
195,7.39618,-0.35124751196385884,0.5857761302005968,0.002181661564992912
196,7.409364,-0.35124751196385884,0.5857761302005968,0.002181661564992912
197,7.421456,-0.35124751196385884,0.5857761302005968,0.002181661564992912
198,7.4314,-0.35124751196385884,0.5857761302005968,0.002181661564992912
199,7.4449,-0.35124751196385884,0.5857761302005968,0.002181661564992912
200,7.457756,-0.35124751196385884,0.5857761302005968,0.002181661564992912
201,7.46954,-0.35124751196385884,0.5857761302005968,0.002181661564992912
202,7.480072,-0.35124751196385884,0.5857761302005968,0.002181661564992912
203,7.49348,-0.35124751196385884,0.5857761302005968,0.002181661564992912
204,7.507116,-0.35124751196385884,0.5857761302005968,0.002181661564992912
205,7.519504,-0.35124751196385884,0.5857761302005968,0.002181661564992912
206,7.530144,-0.35124751196385884,0.5857761302005968,0.002181661564992912
207,7.54376,-0.35124751196385884,0.5857761302005968,0.002181661564992912
208,7.55674,-0.35124751196385884,0.5857761302005968,0.002181661564992912
209,7.568684,-0.35124751196385884,0.5857761302005968,0.002181661564992912
210,7.580544,-0.35124751196385884,0.5857761302005968,0.002181661564992912
211,7.592836,-0.35124751196385884,0.5857761302005968,0.002181661564992912
212,7.607212,-0.35015668118136234,0.5857761302005968,0.002181661564992912
213,7.61946,-0.35015668118136234,0.5857761302005968,0.002181661564992912
214,7.630228,-0.35015668118136234,0.5857761302005968,0.002181661564992912
215,7.644728,-0.35015668118136234,0.5857761302005968,0.002181661564992912
216,7.657868,-0.35015668118136234,0.5857761302005968,0.002181661564992912
217,7.67108,-0.35015668118136234,0.5857761302005968,0.002181661564992912
218,7.6821,-0.35015668118136234,0.5857761302005968,0.002181661564992912
219,7.69508,-0.35015668118136234,0.5857761302005968,0.002181661564992912
220,7.708544,-0.35015668118136234,0.5857761302005968,0.002181661564992912
221,7.720596,-0.35015668118136234,0.5857761302005968,0.002181661564992912
222,7.731164,-0.35015668118136234,0.5857761302005968,0.002181661564992912
223,7.744588,-0.35015668118136234,0.5857761302005968,0.002181661564992912
224,7.757764,-0.35015668118136234,0.5857761302005968,0.002181661564992912
225,7.770792,-0.35015668118136234,0.5857761302005968,0.002181661564992912
226,7.782084,-0.35015668118136234,0.5857761302005968,0.002181661564992912
227,7.796092,-0.35015668118136234,0.5857761302005968,0.002181661564992912
228,7.809176,-0.35015668118136234,0.5857761302005968,0.002181661564992912
229,7.821044,-0.35015668118136234,0.5857761302005968,0.002181661564992912
230,7.8329,-0.3490658503988659,0.5857761302005968,0.002181661564992912
231,7.847432,-0.3490658503988659,0.5857761302005968,0.002181661564992912
232,7.859972,-0.3490658503988659,0.5857761302005968,0.002181661564992912
233,7.871624,-0.3490658503988659,0.5857761302005968,0.002181661564992912
234,7.884012,-0.3490658503988659,0.5857761302005968,0.001090830782496456
235,7.89818,-0.3490658503988659,0.5857761302005968,0.001090830782496456
236,7.911244,-0.3490658503988659,0.5857761302005968,0.001090830782496456
237,7.92306,-0.3490658503988659,0.5857761302005968,0.001090830782496456
238,7.934732,-0.3490658503988659,0.5857761302005968,0.001090830782496456
239,7.949328,-0.3490658503988659,0.5857761302005968,0.001090830782496456
240,7.962344,-0.34797501961636945,0.5846852994181004,0.001090830782496456
241,7.975208,-0.34797501961636945,0.5846852994181004,0.001090830782496456
242,7.988016,-0.34797501961636945,0.5846852994181004,0.001090830782496456
243,8.00194,-0.34797501961636945,0.5846852994181004,0.001090830782496456
244,8.014776,-0.346884188833873,0.5846852994181004,0.001090830782496456
245,8.027744,-0.346884188833873,0.5846852994181004,0.001090830782496456
246,8.042744,-0.346884188833873,0.5846852994181004,0.001090830782496456
247,8.055668,-0.346884188833873,0.5846852994181004,0.001090830782496456
248,8.068356,-0.346884188833873,0.5846852994181004,0.001090830782496456
249,8.07972,-0.346884188833873,0.5846852994181004,0.001090830782496456
250,8.091416,-0.346884188833873,0.5846852994181004,0.001090830782496456
251,8.102612,-0.346884188833873,0.5846852994181004,0.001090830782496456
252,8.114664,-0.346884188833873,0.5846852994181004,0.001090830782496456
253,8.127712,-0.346884188833873,0.5846852994181004,0.001090830782496456
254,8.142328,-0.346884188833873,0.5846852994181004,0.001090830782496456
255,8.15442,-0.346884188833873,0.5846852994181004,0.001090830782496456
256,8.167792,-0.346884188833873,0.5846852994181004,0.001090830782496456
257,8.179808,-0.346884188833873,0.5846852994181004,0.001090830782496456
258,8.191284,-0.346884188833873,0.5846852994181004,0.001090830782496456
259,8.203056,-0.346884188833873,0.5846852994181004,0.001090830782496456
260,8.216632,-0.34797501961636945,0.5846852994181004,0.001090830782496456
261,8.22858,-0.34797501961636945,0.5846852994181004,0.001090830782496456
262,8.240848,-0.34797501961636945,0.5846852994181004,0.001090830782496456
263,8.254428,-0.3490658503988659,0.5835944686356039,0.001090830782496456
264,8.268416,-0.3490658503988659,0.5835944686356039,0.001090830782496456
265,8.279864,-0.3490658503988659,0.5835944686356039,0.001090830782496456
266,8.294204,-0.3490658503988659,0.5835944686356039,0.001090830782496456
267,8.30844,-0.3490658503988659,0.5835944686356039,0.001090830782496456
268,8.319804,-0.3490658503988659,0.5835944686356039,0.001090830782496456
269,8.3303,-0.3490658503988659,0.5835944686356039,0.001090830782496456
270,8.343056,-0.3490658503988659,0.5835944686356039,0.001090830782496456
271,8.356592,-0.3490658503988659,0.5825036378531074,0.001090830782496456
272,8.369852,-0.3490658503988659,0.5825036378531074,0.001090830782496456
273,8.381336,-0.3490658503988659,0.5825036378531074,0.001090830782496456
274,8.397776,-0.35015668118136234,0.5835944686356039,0.001090830782496456
275,8.41044,-0.35015668118136234,0.5835944686356039,0.001090830782496456
276,8.423028,-0.35124751196385884,0.5835944686356039,0.001090830782496456
277,8.434244,-0.35124751196385884,0.5835944686356039,0.001090830782496456
278,8.449064,-0.35124751196385884,0.5835944686356039,0.001090830782496456
279,8.461836,-0.35124751196385884,0.5835944686356039,0.001090830782496456
280,8.474876,-0.35124751196385884,0.5846852994181004,0.001090830782496456
281,8.486492,-0.35124751196385884,0.5846852994181004,0.001090830782496456
282,8.501284,-0.35124751196385884,0.5846852994181004,0.001090830782496456
283,8.513052,-0.35124751196385884,0.5846852994181004,0.001090830782496456
284,8.525672,-0.35124751196385884,0.5846852994181004,0.001090830782496456
285,8.537696,-0.35124751196385884,0.5846852994181004,0.001090830782496456
286,8.552716,-0.35124751196385884,0.5835944686356039,0.001090830782496456
287,8.564936,-0.35124751196385884,0.5835944686356039,0.001090830782496456
288,8.578584,-0.35124751196385884,0.5835944686356039,0.001090830782496456
289,8.592296,-0.35124751196385884,0.5835944686356039,0.001090830782496456
290,8.604556,-0.35124751196385884,0.5835944686356039,0.001090830782496456
291,8.617836,-0.35124751196385884,0.5835944686356039,0.001090830782496456
292,8.628752,-0.35124751196385884,0.5835944686356039,0.001090830782496456
293,8.642676,-0.35124751196385884,0.5835944686356039,0.001090830782496456
294,8.654944,-0.35124751196385884,0.5835944686356039,0.001090830782496456
295,8.668836,-0.35124751196385884,0.5835944686356039,0.001090830782496456
296,8.680912,-0.35124751196385884,0.5835944686356039,0.001090830782496456
297,8.693848,-0.35124751196385884,0.5835944686356039,0.001090830782496456
298,8.70664,-0.35124751196385884,0.5835944686356039,0.001090830782496456
299,8.719064,-0.35124751196385884,0.5835944686356039,0.001090830782496456
300,8.729464,-0.35124751196385884,0.5835944686356039,0.001090830782496456
301,8.742312,-0.35124751196385884,0.5835944686356039,0.001090830782496456
302,8.753944,-0.35124751196385884,0.5835944686356039,0.001090830782496456
303,8.766716,-0.35124751196385884,0.5835944686356039,0.001090830782496456
304,8.77948,-0.35124751196385884,0.5835944686356039,0.001090830782496456
305,8.793836,-0.35124751196385884,0.5835944686356039,0.001090830782496456
306,8.8083,-0.35015668118136234,0.5835944686356039,0.001090830782496456
307,8.820172,-0.35015668118136234,0.5835944686356039,0.001090830782496456
308,8.831692,-0.35015668118136234,0.5835944686356039,0.001090830782496456
309,8.845856,-0.35015668118136234,0.5835944686356039,0.001090830782496456
310,8.858792,-0.35015668118136234,0.5835944686356039,0.001090830782496456
311,8.871716,-0.35015668118136234,0.5835944686356039,0.001090830782496456
312,8.883728,-0.35015668118136234,0.5846852994181004,0.001090830782496456
313,8.898988,-0.35015668118136234,0.5846852994181004,0.001090830782496456
314,8.91206,-0.35015668118136234,0.5846852994181004,0.001090830782496456
315,8.92612,-0.3490658503988659,0.5846852994181004,0.002181661564992912
316,8.937528,-0.3490658503988659,0.5835944686356039,0.002181661564992912
317,8.95316,-0.34579335805137656,0.5835944686356039,0.001090830782496456
318,8.967772,-0.3490658503988659,0.5835944686356039,0.002181661564992912
319,8.98094,-0.3567016658763411,0.5835944686356039,0.004363323129985824
320,8.9959,-0.35779249665883756,0.5825036378531074,0.00545415391248228
321,9.010516,-0.3567016658763411,0.5825036378531074,0.004363323129985824
322,9.024748,-0.3534291735288517,0.5835944686356039,0.003272492347489368
323,9.036864,-0.34797501961636945,0.5846852994181004,0.003272492347489368
324,9.052168,-0.34579335805137656,0.5846852994181004,0.001090830782496456
325,9.0673,-0.3436116964863836,0.5857761302005968,0.0
326,9.080208,-0.33815754257390135,0.5857761302005968,0.0
327,9.093828,-0.33597588100890846,0.5846852994181004,0.0
328,9.109092,-0.33488505022641196,0.5835944686356039,6.28209447639709
329,9.12346,-0.33815754257390135,0.5835944686356039,0.0
330,9.135776,-0.3425208657038872,0.581412807070611,0.002181661564992912
331,9.150948,-0.35452000431134817,0.581412807070611,0.00545415391248228
332,9.165696,-0.35779249665883756,0.5825036378531074,0.006544984694978736
333,9.18024,-0.36106498900632694,0.5835944686356039,0.00545415391248228
334,9.194532,-0.358883327441334,0.5846852994181004,0.004363323129985824
335,9.209892,-0.3567016658763411,0.5857761302005968,0.003272492347489368
336,9.224188,-0.34797501961636945,0.5868669609830933,0.0
337,9.237064,-0.34470252726888007,0.5879577917655898,6.28209447639709
338,9.252328,-0.3370667117914049,0.5868669609830933,6.28209447639709
339,9.266572,-0.3337942194439155,0.5857761302005968,6.28209447639709
340,9.280636,-0.33052172709642613,0.5825036378531074,6.281003645614594
341,9.294684,-0.3327033886614191,0.581412807070611,0.0
342,9.309656,-0.3425208657038872,0.581412807070611,0.003272492347489368
343,9.324032,-0.3490658503988659,0.5803219762881145,0.00545415391248228
344,9.336364,-0.35452000431134817,0.581412807070611,0.00545415391248228
345,9.352856,-0.35997415822383044,0.5825036378531074,0.007635815477475192
346,9.368176,-0.358883327441334,0.5835944686356039,0.006544984694978736
347,9.38134,-0.3534291735288517,0.5868669609830933,0.003272492347489368
348,9.39526,-0.34797501961636945,0.5868669609830933,0.001090830782496456
349,9.40982,-0.34033920413889424,0.5868669609830933,0.001090830782496456
350,9.424296,-0.3370667117914049,0.5879577917655898,6.281003645614594
351,9.437148,-0.3337942194439155,0.5868669609830933,6.279912814832097
352,9.45364,-0.3294308963139297,0.5825036378531074,6.281003645614594
353,9.468956,-0.33161255787892263,0.581412807070611,6.28209447639709
354,9.482308,-0.34033920413889424,0.581412807070611,0.003272492347489368
355,9.49708,-0.34797501961636945,0.5781403147231217,0.006544984694978736
356,9.511792,-0.35779249665883756,0.5792311455056182,0.006544984694978736
357,9.526564,-0.35997415822383044,0.5803219762881145,0.008726646259971648
358,9.538872,-0.3567016658763411,0.5825036378531074,0.00545415391248228
359,9.555768,-0.3523383427463553,0.5846852994181004,0.003272492347489368
360,9.571176,-0.34797501961636945,0.5857761302005968,0.001090830782496456
361,9.584048,-0.3392483733563978,0.5868669609830933,6.281003645614594
362,9.598628,-0.3327033886614191,0.5857761302005968,6.281003645614594
363,9.613788,-0.33052172709642613,0.5846852994181004,6.279912814832097
364,9.62894,-0.3294308963139297,0.5825036378531074,6.281003645614594
365,9.643608,-0.33488505022641196,0.5825036378531074,0.001090830782496456
366,9.658256,-0.34143003492139073,0.5825036378531074,0.003272492347489368
367,9.672132,-0.3534291735288517,0.5825036378531074,0.003272492347489368
368,9.683728,-0.3534291735288517,0.5781403147231217,0.007635815477475192
369,9.699184,-0.3567016658763411,0.5803219762881145,0.006544984694978736
370,9.713868,-0.35452000431134817,0.581412807070611,0.004363323129985824
371,9.728728,-0.35124751196385884,0.5825036378531074,0.003272492347489368
372,9.743124,-0.34143003492139073,0.5825036378531074,6.28209447639709
373,9.758504,-0.33815754257390135,0.5846852994181004,6.281003645614594
374,9.773144,-0.33161255787892263,0.5835944686356039,6.281003645614594
375,9.786208,-0.3294308963139297,0.5825036378531074,6.279912814832097
376,9.802536,-0.33052172709642613,0.5792311455056182,6.28209447639709
377,9.816816,-0.33488505022641196,0.5792311455056182,0.001090830782496456
378,9.830696,-0.34797501961636945,0.5792311455056182,0.006544984694978736
379,9.844328,-0.3534291735288517,0.5770494839406252,0.006544984694978736
380,9.859544,-0.35779249665883756,0.5781403147231217,0.007635815477475192
381,9.87456,-0.3567016658763411,0.5792311455056182,0.006544984694978736
382,9.887328,-0.35452000431134817,0.5803219762881145,0.00545415391248228
383,9.902896,-0.34470252726888007,0.5803219762881145,0.001090830782496456
384,9.917184,-0.34143003492139073,0.5803219762881145,6.28209447639709
385,9.931128,-0.3337942194439155,0.5835944686356039,6.281003645614594
386,9.945336,-0.33052172709642613,0.5825036378531074,6.279912814832097
387,9.96076,-0.32834006553143325,0.5803219762881145,6.28209447639709
388,9.975804,-0.33052172709642613,0.5781403147231217,0.0
389,9.987876,-0.34143003492139073,0.5781403147231217,0.004363323129985824
390,10.003784,-0.3490658503988659,0.5781403147231217,0.007635815477475192
391,10.01808,-0.35452000431134817,0.5759586531581288,0.007635815477475192
392,10.031864,-0.35779249665883756,0.5770494839406252,0.008726646259971648
393,10.046956,-0.3567016658763411,0.5781403147231217,0.007635815477475192
394,10.062444,-0.35015668118136234,0.581412807070611,0.003272492347489368
395,10.077284,-0.34470252726888007,0.5825036378531074,0.001090830782496456
396,10.089824,-0.3370667117914049,0.5825036378531074,6.28209447639709
397,10.104516,-0.3337942194439155,0.5835944686356039,6.28209447639709
398,10.120044,-0.33052172709642613,0.5825036378531074,6.281003645614594
399,10.13408,-0.32834006553143325,0.5792311455056182,6.28209447639709
400,10.148704,-0.33052172709642613,0.5770494839406252,0.0
401,10.163456,-0.3425208657038872,0.5770494839406252,0.00545415391248228
402,10.177092,-0.3490658503988659,0.5770494839406252,0.007635815477475192
403,10.18862,-0.3490658503988659,0.5748678223756323,0.007635815477475192
404,10.20406,-0.35779249665883756,0.5759586531581288,0.008726646259971648
405,10.219424,-0.3567016658763411,0.5770494839406252,0.007635815477475192
406,10.233524,-0.3490658503988659,0.5803219762881145,0.003272492347489368
407,10.247672,-0.34470252726888007,0.581412807070611,0.001090830782496456
408,10.26264,-0.3370667117914049,0.581412807070611,6.28209447639709
409,10.277696,-0.3337942194439155,0.5825036378531074,6.281003645614594
410,10.290072,-0.3337942194439155,0.5792311455056182,6.28209447639709
411,10.306616,-0.3294308963139297,0.5781403147231217,0.0
412,10.32146,-0.33161255787892263,0.5759586531581288,0.001090830782496456
413,10.334004,-0.3436116964863836,0.5759586531581288,0.00545415391248228
414,10.347544,-0.35452000431134817,0.5759586531581288,0.00545415391248228
415,10.36158,-0.35452000431134817,0.5748678223756323,0.00545415391248228
416,10.376728,-0.35779249665883756,0.5759586531581288,0.008726646259971648
417,10.38984,-0.3523383427463553,0.5792311455056182,0.00545415391248228
418,10.406668,-0.3490658503988659,0.5803219762881145,0.003272492347489368
419,10.421512,-0.3436116964863836,0.581412807070611,0.001090830782496456
420,10.434652,-0.33597588100890846,0.5825036378531074,6.28209447639709
421,10.44964,-0.33052172709642613,0.5803219762881145,6.281003645614594
422,10.464264,-0.33052172709642613,0.5792311455056182,6.28209447639709
423,10.479204,-0.3294308963139297,0.5770494839406252,0.0
424,10.493628,-0.33815754257390135,0.5748678223756323,0.004363323129985824
425,10.508996,-0.34470252726888007,0.5737769915931359,0.006544984694978736
426,10.523712,-0.35452000431134817,0.5748678223756323,0.006544984694978736
427,10.536708,-0.35779249665883756,0.5759586531581288,0.008726646259971648
428,10.553052,-0.35561083509384467,0.5781403147231217,0.006544984694978736
429,10.568,-0.35124751196385884,0.5792311455056182,0.004363323129985824
430,10.581552,-0.3425208657038872,0.5792311455056182,0.0
431,10.59582,-0.33815754257390135,0.5792311455056182,6.28209447639709
432,10.610784,-0.33161255787892263,0.5825036378531074,6.28209447639709
433,10.62476,-0.3294308963139297,0.581412807070611,6.28209447639709
434,10.637712,-0.32834006553143325,0.5792311455056182,6.281003645614594
435,10.65376,-0.33161255787892263,0.5759586531581288,0.001090830782496456
436,10.668052,-0.33815754257390135,0.5759586531581288,0.003272492347489368
437,10.681632,-0.35124751196385884,0.5759586531581288,0.007635815477475192
438,10.695124,-0.35561083509384467,0.5759586531581288,0.007635815477475192
439,10.710528,-0.3567016658763411,0.5748678223756323,0.008726646259971648
440,10.72512,-0.35452000431134817,0.5781403147231217,0.006544984694978736
441,10.737984,-0.35124751196385884,0.5792311455056182,0.004363323129985824
442,10.75372,-0.3425208657038872,0.5792311455056182,0.0
443,10.768112,-0.33815754257390135,0.5792311455056182,6.28209447639709
444,10.781712,-0.33161255787892263,0.5825036378531074,6.28209447639709
445,10.795944,-0.3294308963139297,0.581412807070611,6.28209447639709
446,10.81148,-0.3272492347489368,0.5792311455056182,6.281003645614594
447,10.825788,-0.33161255787892263,0.5759586531581288,0.001090830782496456
448,10.837988,-0.34470252726888007,0.5759586531581288,0.006544984694978736
449,10.85382,-0.35124751196385884,0.5759586531581288,0.008726646259971648
450,10.869192,-0.35561083509384467,0.5748678223756323,0.009817477042468103
451,10.883012,-0.35779249665883756,0.5759586531581288,0.008726646259971648
452,10.897524,-0.35452000431134817,0.5781403147231217,0.006544984694978736
453,10.91226,-0.346884188833873,0.5803219762881145,0.002181661564992912
454,10.925464,-0.34143003492139073,0.5803219762881145,0.0
455,10.937184,-0.33488505022641196,0.5803219762881145,0.0
456,10.9526,-0.33161255787892263,0.581412807070611,0.0
457,10.966952,-0.33161255787892263,0.5803219762881145,6.28209447639709
458,10.981588,-0.3294308963139297,0.5759586531581288,0.001090830782496456
459,10.995384,-0.3337942194439155,0.5759586531581288,0.002181661564992912
460,11.010468,-0.34579335805137656,0.5759586531581288,0.007635815477475192
461,11.024288,-0.3523383427463553,0.5759586531581288,0.007635815477475192
462,11.036508,-0.35561083509384467,0.5737769915931359,0.007635815477475192
463,11.051196,-0.35779249665883756,0.5759586531581288,0.009817477042468103
464,11.066644,-0.35561083509384467,0.5770494839406252,0.007635815477475192
465,11.081428,-0.35124751196385884,0.5781403147231217,0.006544984694978736
466,11.095208,-0.3425208657038872,0.5781403147231217,0.006544984694978736
467,11.110624,-0.3392483733563978,0.5803219762881145,0.002181661564992912
468,11.125268,-0.3327033886614191,0.5781403147231217,0.001090830782496456
469,11.138112,-0.33161255787892263,0.5770494839406252,0.002181661564992912
470,11.154232,-0.3327033886614191,0.5726861608106394,0.004363323129985824
471,11.169644,-0.33597588100890846,0.5715953300281429,0.007635815477475192
472,11.182864,-0.34797501961636945,0.5715953300281429,0.011999138607461015
473,11.197556,-0.3534291735288517,0.5705044992456465,0.011999138607461015
474,11.212316,-0.3534291735288517,0.5715953300281429,0.014180800172453928
475,11.226864,-0.358883327441334,0.5726861608106394,0.013089969389957472
476,11.23972,-0.3523383427463553,0.5759586531581288,0.01090830782496456
477,11.255052,-0.34797501961636945,0.5759586531581288,0.008726646259971648
478,11.269712,-0.3436116964863836,0.5759586531581288,0.006544984694978736
479,11.282928,-0.33597588100890846,0.5770494839406252,0.006544984694978736
480,11.298004,-0.3327033886614191,0.5759586531581288,0.00545415391248228
481,11.31338,-0.33161255787892263,0.5737769915931359,0.007635815477475192
482,11.32822,-0.3337942194439155,0.5715953300281429,0.009817477042468103
483,11.340648,-0.3436116964863836,0.5715953300281429,0.014180800172453928
484,11.357112,-0.3490658503988659,0.5715953300281429,0.016362461737446838
485,11.371936,-0.35452000431134817,0.56941366846315,0.016362461737446838
486,11.384764,-0.35997415822383044,0.5705044992456465,0.017453292519943295
487,11.400356,-0.3567016658763411,0.5726861608106394,0.015271630954950384
488,11.415544,-0.3523383427463553,0.5737769915931359,0.014180800172453928
489,11.430508,-0.34797501961636945,0.5748678223756323,0.011999138607461015
490,11.444916,-0.3392483733563978,0.5748678223756323,0.008726646259971648
491,11.46024,-0.33488505022641196,0.5759586531581288,0.007635815477475192
492,11.475076,-0.33488505022641196,0.5737769915931359,0.008726646259971648
493,11.487976,-0.33052172709642613,0.5726861608106394,0.009817477042468103
494,11.501172,-0.33597588100890846,0.5726861608106394,0.011999138607461015
495,11.515152,-0.3425208657038872,0.5726861608106394,0.014180800172453928
496,11.529424,-0.34797501961636945,0.5726861608106394,0.016362461737446838
497,11.541844,-0.35561083509384467,0.5683228376806536,0.016362461737446838
498,11.558084,-0.3567016658763411,0.56941366846315,0.017453292519943295
499,11.573484,-0.3534291735288517,0.5726861608106394,0.015271630954950384
500,11.586304,-0.3490658503988659,0.5737769915931359,0.013089969389957472
501,11.60128,-0.34033920413889424,0.5737769915931359,0.008726646259971648
502,11.615172,-0.33597588100890846,0.5748678223756323,0.008726646259971648
503,11.629408,-0.3327033886614191,0.5737769915931359,0.008726646259971648
504,11.642264,-0.32834006553143325,0.5726861608106394,0.007635815477475192
505,11.657908,-0.3294308963139297,0.5705044992456465,0.008726646259971648
506,11.672648,-0.33597588100890846,0.5705044992456465,0.011999138607461015
507,11.685056,-0.3425208657038872,0.5705044992456465,0.014180800172453928
508,11.699684,-0.3523383427463553,0.5672320068981571,0.017453292519943295
509,11.714412,-0.35452000431134817,0.5683228376806536,0.017453292519943295
510,11.729356,-0.35561083509384467,0.56941366846315,0.016362461737446838
511,11.743564,-0.35124751196385884,0.5715953300281429,0.013089969389957472
512,11.758448,-0.346884188833873,0.5726861608106394,0.01090830782496456
513,11.773252,-0.33815754257390135,0.5726861608106394,0.007635815477475192
514,11.785476,-0.3337942194439155,0.5737769915931359,0.007635815477475192
515,11.800288,-0.32834006553143325,0.5726861608106394,0.007635815477475192
516,11.814996,-0.32834006553143325,0.5715953300281429,0.006544984694978736
517,11.829992,-0.3272492347489368,0.56941366846315,0.007635815477475192
518,11.844468,-0.33488505022641196,0.56941366846315,0.01090830782496456
519,11.859888,-0.34143003492139073,0.5661411761156606,0.013089969389957472
520,11.873972,-0.3523383427463553,0.5661411761156606,0.013089969389957472
521,11.886808,-0.35452000431134817,0.5672320068981571,0.016362461737446838
522,11.902732,-0.3534291735288517,0.5705044992456465,0.014180800172453928
523,11.917084,-0.35015668118136234,0.5715953300281429,0.011999138607461015
524,11.93144,-0.34143003492139073,0.5715953300281429,0.007635815477475192
525,11.945192,-0.3370667117914049,0.5715953300281429,0.006544984694978736
526,11.95996,-0.3337942194439155,0.5737769915931359,0.006544984694978736
527,11.975288,-0.32834006553143325,0.5715953300281429,0.00545415391248228
528,11.988136,-0.3272492347489368,0.5705044992456465,0.006544984694978736
529,12.005032,-0.33052172709642613,0.5672320068981571,0.009817477042468103
530,12.019328,-0.33597588100890846,0.5672320068981571,0.01090830782496456
531,12.03252,-0.34797501961636945,0.5672320068981571,0.015271630954950384
532,12.04668,-0.3523383427463553,0.5661411761156606,0.016362461737446838
533,12.062116,-0.35561083509384467,0.5683228376806536,0.015271630954950384
534,12.077548,-0.3534291735288517,0.56941366846315,0.014180800172453928
535,12.09058,-0.346884188833873,0.5715953300281429,0.009817477042468103
536,12.105968,-0.34143003492139073,0.5715953300281429,0.008726646259971648
537,12.12104,-0.3370667117914049,0.5715953300281429,0.006544984694978736
538,12.134172,-0.33052172709642613,0.5726861608106394,0.006544984694978736
539,12.148048,-0.33052172709642613,0.5715953300281429,0.00545415391248228
540,12.16356,-0.32834006553143325,0.5683228376806536,0.007635815477475192
541,12.178504,-0.33052172709642613,0.5661411761156606,0.009817477042468103
542,12.19082,-0.3425208657038872,0.5661411761156606,0.013089969389957472
543,12.207136,-0.34797501961636945,0.5650503453331642,0.013089969389957472
544,12.221164,-0.3523383427463553,0.5661411761156606,0.013089969389957472
545,12.235044,-0.35452000431134817,0.5672320068981571,0.015271630954950384
546,12.250868,-0.3523383427463553,0.56941366846315,0.013089969389957472
547,12.265208,-0.34470252726888007,0.56941366846315,0.009817477042468103
548,12.279432,-0.34033920413889424,0.56941366846315,0.007635815477475192
549,12.29104,-0.3327033886614191,0.56941366846315,0.007635815477475192
550,12.307588,-0.3294308963139297,0.5715953300281429,0.007635815477475192
551,12.32246,-0.3272492347489368,0.5705044992456465,0.00545415391248228
552,12.335436,-0.32834006553143325,0.5672320068981571,0.007635815477475192
553,12.35004,-0.33815754257390135,0.5672320068981571,0.011999138607461015
554,12.365192,-0.34470252726888007,0.5639595145506677,0.014180800172453928
555,12.38044,-0.35015668118136234,0.5650503453331642,0.015271630954950384
556,12.395056,-0.35015668118136234,0.5661411761156606,0.016362461737446838
557,12.410408,-0.35561083509384467,0.5672320068981571,0.015271630954950384
558,12.42536,-0.3490658503988659,0.5705044992456465,0.01090830782496456
559,12.438168,-0.3436116964863836,0.5715953300281429,0.008726646259971648
560,12.452676,-0.33488505022641196,0.5715953300281429,0.008726646259971648
561,12.466596,-0.33161255787892263,0.5726861608106394,0.008726646259971648
562,12.481312,-0.33161255787892263,0.56941366846315,0.00545415391248228
563,12.496284,-0.3272492347489368,0.5683228376806536,0.006544984694978736
564,12.511788,-0.3294308963139297,0.5672320068981571,0.007635815477475192
565,12.525528,-0.33815754257390135,0.5672320068981571,0.011999138607461015
566,12.538408,-0.34470252726888007,0.5639595145506677,0.014180800172453928
567,12.553484,-0.35452000431134817,0.5639595145506677,0.016362461737446838
568,12.568428,-0.35561083509384467,0.5650503453331642,0.015271630954950384
569,12.582456,-0.3534291735288517,0.5683228376806536,0.013089969389957472
570,12.596652,-0.3490658503988659,0.56941366846315,0.01090830782496456
571,12.610972,-0.34033920413889424,0.56941366846315,0.006544984694978736
572,12.62546,-0.33597588100890846,0.56941366846315,0.00545415391248228
573,12.638312,-0.3327033886614191,0.5715953300281429,0.004363323129985824
574,12.652928,-0.3327033886614191,0.56941366846315,0.004363323129985824
575,12.66792,-0.3272492347489368,0.5672320068981571,0.00545415391248228
576,12.682,-0.3327033886614191,0.5672320068981571,0.009817477042468103
577,12.696384,-0.33815754257390135,0.5672320068981571,0.011999138607461015
578,12.711788,-0.34470252726888007,0.5639595145506677,0.014180800172453928
579,12.725576,-0.35452000431134817,0.5639595145506677,0.015271630954950384
580,12.738464,-0.35561083509384467,0.5650503453331642,0.014180800172453928
581,12.755204,-0.3523383427463553,0.5683228376806536,0.011999138607461015
582,12.770588,-0.34797501961636945,0.56941366846315,0.009817477042468103
583,12.783428,-0.3392483733563978,0.56941366846315,0.00545415391248228
584,12.798328,-0.33488505022641196,0.5715953300281429,0.004363323129985824
585,12.81336,-0.32834006553143325,0.56941366846315,0.004363323129985824
586,12.82818,-0.32615840396644036,0.5683228376806536,0.003272492347489368
587,12.841168,-0.32834006553143325,0.5650503453331642,0.006544984694978736
588,12.857148,-0.33161255787892263,0.5650503453331642,0.007635815477475192
589,12.871936,-0.33815754257390135,0.5650503453331642,0.009817477042468103
590,12.884064,-0.3490658503988659,0.5639595145506677,0.009817477042468103
591,12.898896,-0.3523383427463553,0.5650503453331642,0.014180800172453928
592,12.91422,-0.3534291735288517,0.5661411761156606,0.011999138607461015
593,12.929132,-0.35124751196385884,0.5683228376806536,0.01090830782496456
594,12.944124,-0.3425208657038872,0.5705044992456465,0.006544984694978736
595,12.958448,-0.3370667117914049,0.5705044992456465,0.004363323129985824
596,12.97376,-0.3294308963139297,0.5715953300281429,0.002181661564992912
597,12.986628,-0.32615840396644036,0.5705044992456465,0.001090830782496456
598,13.001872,-0.32506757318394386,0.5672320068981571,0.003272492347489368
599,13.0171,-0.3272492347489368,0.5661411761156606,0.004363323129985824
600,13.03168,-0.3327033886614191,0.5661411761156606,0.006544984694978736
601,13.045452,-0.34579335805137656,0.5661411761156606,0.011999138607461015
602,13.060228,-0.35124751196385884,0.5639595145506677,0.011999138607461015
603,13.07558,-0.35452000431134817,0.5650503453331642,0.013089969389957472
604,13.088444,-0.3534291735288517,0.5661411761156606,0.01090830782496456
605,13.105132,-0.34579335805137656,0.5683228376806536,0.006544984694978736
606,13.11938,-0.34033920413889424,0.5683228376806536,0.004363323129985824
607,13.132368,-0.33161255787892263,0.5683228376806536,0.004363323129985824
608,13.14598,-0.32834006553143325,0.5705044992456465,0.004363323129985824
609,13.161024,-0.32834006553143325,0.5683228376806536,0.001090830782496456
610,13.176228,-0.32506757318394386,0.5661411761156606,0.002181661564992912
611,13.189076,-0.32834006553143325,0.5639595145506677,0.004363323129985824
612,13.20524,-0.34033920413889424,0.5639595145506677,0.008726646259971648
613,13.219536,-0.346884188833873,0.5639595145506677,0.01090830782496456
614,13.232808,-0.35452000431134817,0.5617778529856748,0.01090830782496456
615,13.248188,-0.35561083509384467,0.5628686837681712,0.011999138607461015
616,13.26362,-0.35124751196385884,0.5650503453331642,0.008726646259971648
617,13.278624,-0.346884188833873,0.5661411761156606,0.006544984694978736
618,13.291048,-0.3370667117914049,0.5661411761156606,0.002181661564992912
619,13.307428,-0.3327033886614191,0.5683228376806536,0.002181661564992912
620,13.322356,-0.32834006553143325,0.56941366846315,0.001090830782496456
621,13.335584,-0.3239767424014474,0.5683228376806536,0.0
622,13.351244,-0.32506757318394386,0.5672320068981571,0.002181661564992912
623,13.36542,-0.3294308963139297,0.5672320068981571,0.004363323129985824
624,13.379668,-0.33597588100890846,0.5672320068981571,0.006544984694978736
625,13.392072,-0.346884188833873,0.5661411761156606,0.006544984694978736
626,13.407148,-0.3490658503988659,0.5661411761156606,0.006544984694978736
627,13.422264,-0.35015668118136234,0.5672320068981571,0.008726646259971648
628,13.435068,-0.346884188833873,0.5672320068981571,0.00545415391248228
629,13.44824,-0.33815754257390135,0.5672320068981571,0.002181661564992912
630,13.463624,-0.3337942194439155,0.56941366846315,0.001090830782496456
631,13.478132,-0.33052172709642613,0.5683228376806536,0.001090830782496456
632,13.491196,-0.32615840396644036,0.5661411761156606,0.0
633,13.507948,-0.32506757318394386,0.5650503453331642,0.001090830782496456
634,13.52262,-0.3272492347489368,0.5628686837681712,0.003272492347489368
635,13.535676,-0.3370667117914049,0.5606870222031783,0.007635815477475192
636,13.551388,-0.35015668118136234,0.559596191420682,0.011999138607461015
637,13.565288,-0.35452000431134817,0.559596191420682,0.011999138607461015
638,13.580216,-0.3567016658763411,0.5606870222031783,0.013089969389957472
639,13.594736,-0.3534291735288517,0.5639595145506677,0.01090830782496456
640,13.609008,-0.3490658503988659,0.5650503453331642,0.009817477042468103
641,13.624072,-0.33597588100890846,0.5672320068981571,0.004363323129985824
642,13.636952,-0.33052172709642613,0.5683228376806536,0.002181661564992912
643,13.651776,-0.32070425005395803,0.56941366846315,0.002181661564992912
644,13.665672,-0.3174317577064687,0.5683228376806536,0.002181661564992912
645,13.6808,-0.31634092692397225,0.5672320068981571,0.0
646,13.695352,-0.32179508083645453,0.5672320068981571,0.003272492347489368
647,13.7108,-0.3294308963139297,0.5650503453331642,0.00545415391248228
648,13.7256,-0.3436116964863836,0.5650503453331642,0.009817477042468103
649,13.737824,-0.34797501961636945,0.5639595145506677,0.01090830782496456
650,13.754164,-0.35124751196385884,0.5650503453331642,0.009817477042468103
651,13.769396,-0.35015668118136234,0.5661411761156606,0.008726646259971648
652,13.78324,-0.34033920413889424,0.5672320068981571,0.004363323129985824
653,13.797856,-0.33488505022641196,0.5672320068981571,0.002181661564992912
654,13.812,-0.32506757318394386,0.5672320068981571,0.002181661564992912
655,13.825792,-0.32179508083645453,0.5683228376806536,0.002181661564992912
656,13.838304,-0.32179508083645453,0.5672320068981571,6.28209447639709
657,13.85422,-0.31852258848896514,0.5639595145506677,0.0
658,13.86918,-0.32288591161895097,0.5628686837681712,0.002181661564992912
659,13.883088,-0.33597588100890846,0.5617778529856748,0.007635815477475192
660,13.897028,-0.3425208657038872,0.5617778529856748,0.008726646259971648
661,13.911844,-0.3425208657038872,0.5628686837681712,0.009817477042468103
662,13.926296,-0.35015668118136234,0.5639595145506677,0.008726646259971648
663,13.939156,-0.34797501961636945,0.5650503453331642,0.007635815477475192
664,13.955584,-0.34033920413889424,0.5672320068981571,0.003272492347489368
665,13.970972,-0.33488505022641196,0.5683228376806536,0.001090830782496456
666,13.985252,-0.32615840396644036,0.56941366846315,6.28209447639709
667,14.000028,-0.32179508083645453,0.5683228376806536,6.28209447639709
668,14.015444,-0.3174317577064687,0.5661411761156606,6.281003645614594
669,14.030812,-0.31852258848896514,0.5650503453331642,6.28209447639709
670,14.044368,-0.32834006553143325,0.5628686837681712,0.004363323129985824
671,14.058624,-0.33488505022641196,0.5628686837681712,0.006544984694978736
672,14.073892,-0.34579335805137656,0.5639595145506677,0.008726646259971648
673,14.08674,-0.346884188833873,0.5650503453331642,0.007635815477475192
674,14.101676,-0.34470252726888007,0.5672320068981571,0.00545415391248228
675,14.116804,-0.34143003492139073,0.56941366846315,0.003272492347489368
676,14.1316,-0.3370667117914049,0.5705044992456465,0.001090830782496456
677,14.144976,-0.32834006553143325,0.5705044992456465,0.001090830782496456
678,14.15946,-0.32506757318394386,0.5715953300281429,0.001090830782496456
679,14.174148,-0.31852258848896514,0.56941366846315,0.001090830782496456
680,14.187124,-0.3174317577064687,0.5683228376806536,6.281003645614594
681,14.201972,-0.32179508083645453,0.5683228376806536,0.001090830782496456
682,14.215852,-0.32834006553143325,0.5683228376806536,0.003272492347489368
683,14.230184,-0.33597588100890846,0.5683228376806536,0.00545415391248228
684,14.242472,-0.34579335805137656,0.5650503453331642,0.00545415391248228
685,14.256452,-0.34797501961636945,0.5661411761156606,0.007635815477475192
686,14.271892,-0.3436116964863836,0.5683228376806536,0.004363323129985824
687,14.284892,-0.34033920413889424,0.5705044992456465,0.002181661564992912
688,14.300168,-0.33488505022641196,0.5715953300281429,0.0
689,14.314984,-0.3272492347489368,0.5715953300281429,6.281003645614594
690,14.330052,-0.32288591161895097,0.5726861608106394,6.279912814832097
691,14.344308,-0.3174317577064687,0.5705044992456465,6.278821984049601
692,14.3581,-0.31525009614147576,0.5683228376806536,6.279912814832097
693,14.37358,-0.32288591161895097,0.5650503453331642,0.001090830782496456
694,14.385804,-0.3294308963139297,0.5650503453331642,0.003272492347489368
695,14.399464,-0.3425208657038872,0.5639595145506677,0.003272492347489368
696,14.41358,-0.34470252726888007,0.5639595145506677,0.003272492347489368
697,14.428432,-0.346884188833873,0.5650503453331642,0.007635815477475192
698,14.441464,-0.34470252726888007,0.5672320068981571,0.004363323129985824
699,14.457356,-0.34033920413889424,0.5672320068981571,0.002181661564992912
700,14.472792,-0.33597588100890846,0.56941366846315,0.001090830782496456
701,14.485928,-0.3272492347489368,0.5715953300281429,6.28209447639709
702,14.50062,-0.3272492347489368,0.5705044992456465,6.279912814832097
703,14.515712,-0.32070425005395803,0.5683228376806536,6.281003645614594
704,14.53096,-0.3196134192714616,0.5672320068981571,6.28209447639709
705,14.545848,-0.32615840396644036,0.5639595145506677,0.002181661564992912
706,14.558548,-0.3327033886614191,0.5639595145506677,0.00545415391248228
707,14.573984,-0.3436116964863836,0.5628686837681712,0.007635815477475192
708,14.586828,-0.34797501961636945,0.5639595145506677,0.008726646259971648
709,14.601244,-0.3490658503988659,0.5650503453331642,0.007635815477475192
710,14.616424,-0.34470252726888007,0.5661411761156606,0.00545415391248228
711,14.629348,-0.34033920413889424,0.5683228376806536,0.003272492347489368
712,14.642304,-0.33161255787892263,0.56941366846315,0.0
713,14.657128,-0.3272492347489368,0.5705044992456465,0.0
714,14.672056,-0.3239767424014474,0.56941366846315,0.0
715,14.685292,-0.3239767424014474,0.5672320068981571,6.28209447639709
716,14.700508,-0.3196134192714616,0.5650503453331642,0.0
717,14.715716,-0.33052172709642613,0.5628686837681712,0.004363323129985824
718,14.730928,-0.3370667117914049,0.5617778529856748,0.006544984694978736
719,14.744412,-0.34797501961636945,0.5617778529856748,0.009817477042468103
720,14.758112,-0.3523383427463553,0.5628686837681712,0.01090830782496456
721,14.773496,-0.35015668118136234,0.5650503453331642,0.008726646259971648
722,14.78636,-0.346884188833873,0.5661411761156606,0.006544984694978736
723,14.801944,-0.33815754257390135,0.5683228376806536,0.002181661564992912
724,14.815476,-0.3337942194439155,0.5683228376806536,0.002181661564992912
725,14.828936,-0.33052172709642613,0.56941366846315,0.001090830782496456
726,14.842032,-0.3239767424014474,0.5683228376806536,0.0
727,14.858572,-0.32179508083645453,0.5661411761156606,0.001090830782496456
728,14.874052,-0.3239767424014474,0.5650503453331642,0.002181661564992912
729,14.88624,-0.3327033886614191,0.5650503453331642,0.006544984694978736
730,14.901328,-0.34470252726888007,0.5617778529856748,0.006544984694978736
731,14.915664,-0.34797501961636945,0.5617778529856748,0.01090830782496456
732,14.930584,-0.35124751196385884,0.5628686837681712,0.011999138607461015
733,14.944864,-0.34797501961636945,0.5661411761156606,0.008726646259971648
734,14.958504,-0.3425208657038872,0.5672320068981571,0.006544984694978736
735,14.973856,-0.3327033886614191,0.5683228376806536,0.002181661564992912
736,14.9867,-0.32834006553143325,0.56941366846315,0.001090830782496456
737,15.000696,-0.32179508083645453,0.5683228376806536,0.001090830782496456
738,15.01556,-0.3196134192714616,0.5661411761156606,0.0
739,15.030496,-0.3174317577064687,0.5650503453331642,0.001090830782496456
740,15.045656,-0.32615840396644036,0.5617778529856748,0.004363323129985824
741,15.05876,-0.3327033886614191,0.5606870222031783,0.007635815477475192
742,15.072884,-0.34579335805137656,0.5606870222031783,0.007635815477475192
743,15.0859,-0.34797501961636945,0.5617778529856748,0.011999138607461015
744,15.10162,-0.346884188833873,0.5639595145506677,0.009817477042468103
745,15.11656,-0.3436116964863836,0.5650503453331642,0.008726646259971648
746,15.131404,-0.34143003492139073,0.5672320068981571,0.006544984694978736
747,15.1451,-0.33161255787892263,0.5672320068981571,0.006544984694978736
748,15.160476,-0.3272492347489368,0.56941366846315,0.002181661564992912
749,15.175216,-0.32070425005395803,0.5683228376806536,0.002181661564992912
750,15.1882,-0.31852258848896514,0.5672320068981571,0.001090830782496456
751,15.203376,-0.32179508083645453,0.5628686837681712,0.004363323129985824
752,15.217476,-0.3272492347489368,0.5628686837681712,0.006544984694978736
753,15.232016,-0.34033920413889424,0.5628686837681712,0.01090830782496456
754,15.24646,-0.34579335805137656,0.5617778529856748,0.01090830782496456
755,15.261904,-0.3490658503988659,0.5628686837681712,0.011999138607461015
756,15.277016,-0.34797501961636945,0.5650503453331642,0.009817477042468103
757,15.28984,-0.34470252726888007,0.5661411761156606,0.008726646259971648
758,15.305844,-0.33488505022641196,0.5683228376806536,0.003272492347489368
759,15.320292,-0.33052172709642613,0.5683228376806536,0.002181661564992912
760,15.333524,-0.3239767424014474,0.56941366846315,0.002181661564992912
761,15.348644,-0.32070425005395803,0.5683228376806536,0.001090830782496456
762,15.363944,-0.3196134192714616,0.5639595145506677,0.002181661564992912
763,15.378964,-0.32288591161895097,0.5628686837681712,0.004363323129985824
764,15.391384,-0.33488505022641196,0.5628686837681712,0.009817477042468103
765,15.407624,-0.34143003492139073,0.5628686837681712,0.011999138607461015
766,15.422672,-0.346884188833873,0.5617778529856748,0.013089969389957472
767,15.435896,-0.35015668118136234,0.5639595145506677,0.011999138607461015
768,15.45054,-0.34470252726888007,0.5661411761156606,0.008726646259971648
769,15.465192,-0.34033920413889424,0.5661411761156606,0.006544984694978736
770,15.480172,-0.33597588100890846,0.5683228376806536,0.004363323129985824
771,15.491904,-0.3272492347489368,0.5683228376806536,0.004363323129985824
772,15.508332,-0.3239767424014474,0.56941366846315,0.004363323129985824
773,15.523004,-0.32070425005395803,0.5683228376806536,0.001090830782496456
774,15.536,-0.3196134192714616,0.5639595145506677,0.002181661564992912
775,15.54966,-0.3272492347489368,0.5639595145506677,0.00545415391248228
776,15.563744,-0.3337942194439155,0.5639595145506677,0.008726646259971648
777,15.578852,-0.34033920413889424,0.5606870222031783,0.009817477042468103
778,15.590308,-0.34033920413889424,0.5606870222031783,0.01090830782496456
779,15.605772,-0.346884188833873,0.5628686837681712,0.009817477042468103
780,15.621184,-0.34579335805137656,0.5650503453331642,0.008726646259971648
781,15.635136,-0.33815754257390135,0.5672320068981571,0.004363323129985824
782,15.650404,-0.3327033886614191,0.5683228376806536,0.002181661564992912
783,15.665684,-0.32506757318394386,0.56941366846315,0.001090830782496456
784,15.680588,-0.32179508083645453,0.5683228376806536,0.0
785,15.694724,-0.32179508083645453,0.5650503453331642,0.001090830782496456
786,15.709932,-0.3174317577064687,0.5628686837681712,0.002181661564992912
787,15.724228,-0.32615840396644036,0.5628686837681712,0.006544984694978736
788,15.737112,-0.3327033886614191,0.559596191420682,0.008726646259971648
789,15.75154,-0.3436116964863836,0.559596191420682,0.008726646259971648
790,15.76582,-0.3436116964863836,0.5606870222031783,0.011999138607461015
791,15.781044,-0.34579335805137656,0.5617778529856748,0.01090830782496456
792,15.795932,-0.34143003492139073,0.5650503453331642,0.007635815477475192
793,15.811348,-0.3370667117914049,0.5661411761156606,0.004363323129985824
794,15.826044,-0.32834006553143325,0.5661411761156606,0.002181661564992912
795,15.837896,-0.32506757318394386,0.5683228376806536,0.002181661564992912
796,15.85266,-0.31852258848896514,0.5661411761156606,0.002181661564992912
797,15.867844,-0.31634092692397225,0.5639595145506677,0.001090830782496456
798,15.882484,-0.3196134192714616,0.5606870222031783,0.004363323129985824
799,15.896884,-0.32506757318394386,0.5606870222031783,0.006544984694978736
800,15.91206,-0.3327033886614191,0.5606870222031783,0.008726646259971648
801,15.926148,-0.3436116964863836,0.559596191420682,0.008726646259971648
802,15.938984,-0.34579335805137656,0.5606870222031783,0.011999138607461015
803,15.95566,-0.3436116964863836,0.5628686837681712,0.008726646259971648
804,15.971004,-0.34033920413889424,0.5650503453331642,0.006544984694978736
805,15.985104,-0.33052172709642613,0.5672320068981571,0.002181661564992912
806,15.99932,-0.32615840396644036,0.5683228376806536,0.001090830782496456
807,16.01408,-0.3196134192714616,0.5672320068981571,0.001090830782496456
808,16.028276,-0.3196134192714616,0.5661411761156606,0.0
809,16.041312,-0.3174317577064687,0.5617778529856748,0.002181661564992912
810,16.057312,-0.32070425005395803,0.5606870222031783,0.004363323129985824
811,16.072248,-0.32615840396644036,0.5606870222031783,0.006544984694978736
812,16.085868,-0.3392483733563978,0.559596191420682,0.01090830782496456
813,16.1016,-0.3436116964863836,0.5606870222031783,0.011999138607461015
814,16.116688,-0.34579335805137656,0.5617778529856748,0.01090830782496456
815,16.131544,-0.3436116964863836,0.5639595145506677,0.008726646259971648
816,16.146396,-0.33488505022641196,0.5661411761156606,0.004363323129985824
817,16.161124,-0.33052172709642613,0.5672320068981571,0.002181661564992912
818,16.176192,-0.32179508083645453,0.5683228376806536,0.0
819,16.189136,-0.31852258848896514,0.5672320068981571,6.28209447639709
820,16.20518,-0.3141592653589793,0.5639595145506677,0.0
821,16.220172,-0.31634092692397225,0.5617778529856748,0.002181661564992912
822,16.233412,-0.32615840396644036,0.5617778529856748,0.006544984694978736
823,16.248644,-0.3327033886614191,0.559596191420682,0.008726646259971648
824,16.263452,-0.3425208657038872,0.5606870222031783,0.008726646259971648
825,16.27858,-0.34470252726888007,0.5617778529856748,0.01090830782496456
826,16.291692,-0.34143003492139073,0.5639595145506677,0.007635815477475192
827,16.308228,-0.3370667117914049,0.5650503453331642,0.00545415391248228
828,16.323104,-0.3327033886614191,0.5661411761156606,0.003272492347489368
829,16.335684,-0.32288591161895097,0.5683228376806536,0.0
830,16.350256,-0.31525009614147576,0.5672320068981571,0.0
831,16.36588,-0.31306843457648287,0.5661411761156606,6.28209447639709
832,16.380784,-0.3119776037939864,0.5639595145506677,0.0
833,16.395908,-0.3174317577064687,0.5606870222031783,0.003272492347489368
834,16.410728,-0.3239767424014474,0.5606870222031783,0.00545415391248228
835,16.426152,-0.3370667117914049,0.559596191420682,0.009817477042468103
836,16.438968,-0.34143003492139073,0.5606870222031783,0.01090830782496456
837,16.455132,-0.3425208657038872,0.5617778529856748,0.009817477042468103
838,16.470524,-0.34033920413889424,0.5639595145506677,0.007635815477475192
839,16.484424,-0.3327033886614191,0.5661411761156606,0.003272492347489368
840,16.498852,-0.3272492347489368,0.5661411761156606,0.002181661564992912
841,16.514184,-0.3196134192714616,0.5672320068981571,0.0
842,16.529148,-0.31634092692397225,0.5661411761156606,6.28209447639709
843,16.542164,-0.31306843457648287,0.5628686837681712,0.0
844,16.558508,-0.31525009614147576,0.5606870222031783,0.002181661564992912
845,16.573212,-0.3196134192714616,0.5606870222031783,0.004363323129985824
846,16.586236,-0.3327033886614191,0.559596191420682,0.009817477042468103
847,16.599896,-0.3425208657038872,0.559596191420682,0.011999138607461015
848,16.61516,-0.34470252726888007,0.5606870222031783,0.01090830782496456
849,16.6301,-0.3436116964863836,0.5617778529856748,0.009817477042468103
850,16.644272,-0.3370667117914049,0.5650503453331642,0.006544984694978736
851,16.65918,-0.33161255787892263,0.5661411761156606,0.003272492347489368
852,16.674076,-0.32288591161895097,0.5661411761156606,0.001090830782496456
853,16.6863,-0.3196134192714616,0.5683228376806536,0.001090830782496456
854,16.699144,-0.3196134192714616,0.5650503453331642,0.001090830782496456
855,16.714412,-0.31306843457648287,0.5639595145506677,0.0
856,16.729248,-0.3141592653589793,0.5617778529856748,0.002181661564992912
857,16.741656,-0.32506757318394386,0.5617778529856748,0.006544984694978736
858,16.756376,-0.33161255787892263,0.5617778529856748,0.009817477042468103
859,16.771296,-0.33815754257390135,0.559596191420682,0.009817477042468103
860,16.785388,-0.3436116964863836,0.5606870222031783,0.01090830782496456
861,16.800644,-0.3425208657038872,0.5617778529856748,0.009817477042468103
862,16.815944,-0.33597588100890846,0.5650503453331642,0.006544984694978736
863,16.830908,-0.33161255787892263,0.5661411761156606,0.003272492347489368
864,16.842616,-0.32288591161895097,0.5661411761156606,0.003272492347489368
865,16.859068,-0.3196134192714616,0.5683228376806536,0.0
866,16.874448,-0.31634092692397225,0.5672320068981571,6.28209447639709
867,16.887284,-0.31306843457648287,0.5639595145506677,0.0
868,16.90146,-0.3196134192714616,0.5639595145506677,0.004363323129985824
869,16.916008,-0.32615840396644036,0.5639595145506677,0.006544984694978736
870,16.930284,-0.3337942194439155,0.5639595145506677,0.009817477042468103
871,16.94274,-0.3436116964863836,0.559596191420682,0.009817477042468103
872,16.959104,-0.34470252726888007,0.5606870222031783,0.011999138607461015
873,16.974632,-0.3436116964863836,0.5617778529856748,0.01090830782496456
874,16.987492,-0.3370667117914049,0.5650503453331642,0.006544984694978736
875,17.002888,-0.32834006553143325,0.5661411761156606,0.002181661564992912
876,17.017888,-0.3239767424014474,0.5672320068981571,0.001090830782496456
877,17.032704,-0.3174317577064687,0.5661411761156606,0.0
878,17.046436,-0.31525009614147576,0.5650503453331642,0.0
879,17.061896,-0.3141592653589793,0.5628686837681712,0.001090830782496456
880,17.0771,-0.32070425005395803,0.559596191420682,0.00545415391248228
881,17.089936,-0.3272492347489368,0.5585053606381855,0.007635815477475192
882,17.104144,-0.3392483733563978,0.5585053606381855,0.007635815477475192
883,17.118308,-0.3392483733563978,0.559596191420682,0.011999138607461015
884,17.132932,-0.3436116964863836,0.5606870222031783,0.01090830782496456
885,17.146712,-0.34143003492139073,0.5628686837681712,0.008726646259971648
886,17.16216,-0.3370667117914049,0.5639595145506677,0.006544984694978736
887,17.1763,-0.3272492347489368,0.5639595145506677,0.002181661564992912
888,17.189136,-0.32288591161895097,0.5661411761156606,0.001090830782496456
889,17.20488,-0.31525009614147576,0.5650503453331642,0.001090830782496456
890,17.219164,-0.31525009614147576,0.5639595145506677,0.0
891,17.233324,-0.3119776037939864,0.5606870222031783,0.001090830782496456
892,17.247508,-0.31634092692397225,0.5606870222031783,0.003272492347489368
893,17.262472,-0.32288591161895097,0.5606870222031783,0.006544984694978736
894,17.277864,-0.33488505022641196,0.5585053606381855,0.009817477042468103
895,17.29,-0.33488505022641196,0.559596191420682,0.01090830782496456
896,17.306024,-0.3392483733563978,0.5606870222031783,0.008726646259971648
897,17.321472,-0.3370667117914049,0.5628686837681712,0.007635815477475192
898,17.335816,-0.3294308963139297,0.5650503453331642,0.003272492347489368
899,17.350232,-0.3239767424014474,0.5650503453331642,0.002181661564992912
900,17.365028,-0.3174317577064687,0.5661411761156606,0.002181661564992912
901,17.379404,-0.31306843457648287,0.5650503453331642,0.002181661564992912
902,17.392428,-0.3097959422289935,0.5606870222031783,0.0
903,17.407784,-0.3119776037939864,0.559596191420682,0.002181661564992912
904,17.422584,-0.31634092692397225,0.559596191420682,0.004363323129985824
905,17.435544,-0.33052172709642613,0.559596191420682,0.009817477042468103
906,17.44976,-0.33597588100890846,0.557414529855689,0.009817477042468103
907,17.465096,-0.34143003492139073,0.559596191420682,0.01090830782496456
908,17.480032,-0.34033920413889424,0.5606870222031783,0.009817477042468103
909,17.493112,-0.3337942194439155,0.5628686837681712,0.00545415391248228
910,17.508636,-0.32834006553143325,0.5639595145506677,0.003272492347489368
911,17.52272,-0.32070425005395803,0.5639595145506677,0.003272492347489368
912,17.536192,-0.31634092692397225,0.5661411761156606,0.0
913,17.551992,-0.31306843457648287,0.5650503453331642,6.28209447639709
914,17.566952,-0.3108867730114899,0.5606870222031783,0.0
915,17.58226,-0.3119776037939864,0.559596191420682,0.001090830782496456
916,17.596632,-0.32288591161895097,0.559596191420682,0.006544984694978736
917,17.612048,-0.33052172709642613,0.557414529855689,0.008726646259971648
918,17.626416,-0.3392483733563978,0.557414529855689,0.01090830782496456
919,17.6392,-0.34033920413889424,0.5585053606381855,0.009817477042468103
920,17.65528,-0.3370667117914049,0.5617778529856748,0.006544984694978736
921,17.67056,-0.3337942194439155,0.5628686837681712,0.004363323129985824
922,17.684412,-0.32506757318394386,0.5650503453331642,0.001090830782496456
923,17.699276,-0.32070425005395803,0.5661411761156606,0.0
924,17.714632,-0.3141592653589793,0.5639595145506677,6.28209447639709
925,17.728804,-0.3141592653589793,0.5628686837681712,0.0
926,17.741896,-0.3119776037939864,0.5585053606381855,0.001090830782496456
927,17.75874,-0.31634092692397225,0.557414529855689,0.003272492347489368
928,17.774144,-0.32288591161895097,0.5563236990731926,0.006544984694978736
929,17.786336,-0.33597588100890846,0.557414529855689,0.006544984694978736
930,17.802016,-0.34143003492139073,0.5585053606381855,0.01090830782496456
931,17.817124,-0.34033920413889424,0.559596191420682,0.008726646259971648
932,17.832,-0.33815754257390135,0.5617778529856748,0.007635815477475192
933,17.846376,-0.3294308963139297,0.5639595145506677,0.003272492347489368
934,17.861068,-0.32506757318394386,0.5639595145506677,0.001090830782496456
935,17.87646,-0.3174317577064687,0.5650503453331642,0.0
936,17.889424,-0.3141592653589793,0.5639595145506677,6.28209447639709
937,17.905496,-0.3108867730114899,0.559596191420682,0.0
938,17.920456,-0.31306843457648287,0.5585053606381855,0.002181661564992912
939,17.933684,-0.3239767424014474,0.5585053606381855,0.006544984694978736
940,17.94802,-0.33052172709642613,0.5563236990731926,0.009817477042468103
941,17.962828,-0.3392483733563978,0.557414529855689,0.009817477042468103
942,17.978036,-0.34033920413889424,0.5585053606381855,0.01090830782496456
943,17.990908,-0.3392483733563978,0.559596191420682,0.009817477042468103
944,18.007308,-0.3327033886614191,0.5628686837681712,0.00545415391248228
945,18.022752,-0.32834006553143325,0.5639595145506677,0.003272492347489368
946,18.035632,-0.3196134192714616,0.5639595145506677,0.0
947,18.049836,-0.31525009614147576,0.5650503453331642,0.0
948,18.064768,-0.31525009614147576,0.5617778529856748,6.28209447639709
949,18.079692,-0.3097959422289935,0.559596191420682,0.0
950,18.092092,-0.31634092692397225,0.559596191420682,0.004363323129985824
951,18.107224,-0.32288591161895097,0.559596191420682,0.006544984694978736
952,18.122588,-0.33052172709642613,0.5563236990731926,0.009817477042468103
953,18.13486,-0.3392483733563978,0.5563236990731926,0.009817477042468103
954,18.149652,-0.34033920413889424,0.557414529855689,0.01090830782496456
955,18.16504,-0.33597588100890846,0.5606870222031783,0.007635815477475192
956,18.179952,-0.3327033886614191,0.5617778529856748,0.00545415391248228
957,18.191664,-0.32288591161895097,0.5617778529856748,0.00545415391248228
958,18.207556,-0.3196134192714616,0.5617778529856748,0.001090830782496456
959,18.22262,-0.31525009614147576,0.5639595145506677,0.001090830782496456
960,18.235504,-0.31525009614147576,0.5606870222031783,0.0
961,18.24968,-0.3097959422289935,0.5585053606381855,0.001090830782496456
962,18.265064,-0.31634092692397225,0.5563236990731926,0.004363323129985824
963,18.28002,-0.32288591161895097,0.5552328682906961,0.006544984694978736
964,18.291772,-0.33488505022641196,0.5552328682906961,0.006544984694978736
965,18.30856,-0.33815754257390135,0.5563236990731926,0.01090830782496456
966,18.323408,-0.3392483733563978,0.557414529855689,0.009817477042468103
967,18.336572,-0.33488505022641196,0.5606870222031783,0.006544984694978736
968,18.351408,-0.32615840396644036,0.5628686837681712,0.002181661564992912
969,18.365484,-0.32179508083645453,0.5628686837681712,0.002181661564992912
970,18.380396,-0.3174317577064687,0.5639595145506677,0.0
971,18.395516,-0.3108867730114899,0.5628686837681712,6.281003645614594
972,18.410996,-0.30870511144649704,0.5606870222031783,6.28209447639709
973,18.426436,-0.3097959422289935,0.557414529855689,0.001090830782496456
974,18.438844,-0.31525009614147576,0.557414529855689,0.003272492347489368
975,18.455252,-0.32834006553143325,0.5552328682906961,0.007635815477475192
976,18.470504,-0.3337942194439155,0.5563236990731926,0.009817477042468103
977,18.484368,-0.33815754257390135,0.557414529855689,0.008726646259971648
978,18.4994,-0.3370667117914049,0.5585053606381855,0.007635815477475192
979,18.514752,-0.3294308963139297,0.5617778529856748,0.003272492347489368
980,18.529256,-0.3239767424014474,0.5628686837681712,0.001090830782496456
981,18.541072,-0.31634092692397225,0.5628686837681712,6.281003645614594
982,18.5565,-0.31306843457648287,0.5639595145506677,6.281003645614594
983,18.571992,-0.30870511144649704,0.5628686837681712,6.279912814832097
984,18.586132,-0.30652344988150415,0.5585053606381855,6.281003645614594
985,18.600468,-0.30870511144649704,0.5563236990731926,0.0
986,18.615224,-0.32070425005395803,0.5563236990731926,0.00545415391248228
987,18.630144,-0.3272492347489368,0.5552328682906961,0.007635815477475192
988,18.64254,-0.33597588100890846,0.5563236990731926,0.007635815477475192
989,18.659224,-0.3370667117914049,0.557414529855689,0.008726646259971648
990,18.67478,-0.33488505022641196,0.5585053606381855,0.006544984694978736
991,18.687628,-0.32834006553143325,0.5617778529856748,0.002181661564992912
992,18.702636,-0.31852258848896514,0.5617778529856748,6.28209447639709
993,18.7165,-0.3141592653589793,0.5617778529856748,6.281003645614594
994,18.730888,-0.3108867730114899,0.5639595145506677,6.281003645614594
995,18.743348,-0.3108867730114899,0.5606870222031783,6.279912814832097
996,18.759268,-0.30652344988150415,0.5585053606381855,6.281003645614594
997,18.774,-0.3141592653589793,0.5585053606381855,0.002181661564992912
998,18.786412,-0.32070425005395803,0.5585053606381855,0.00545415391248228
999,18.799444,-0.3327033886614191,0.5552328682906961,0.00545415391248228
1000,18.812856,-0.3327033886614191,0.5552328682906961,0.00545415391248228
1001,18.826692,-0.33597588100890846,0.5563236990731926,0.008726646259971648
1002,18.839592,-0.33488505022641196,0.5585053606381855,0.006544984694978736
1003,18.855728,-0.3272492347489368,0.5617778529856748,0.002181661564992912
1004,18.87118,-0.32179508083645453,0.5628686837681712,0.0
1005,18.88518,-0.3141592653589793,0.5639595145506677,6.281003645614594
1006,18.90036,-0.3108867730114899,0.5628686837681712,6.279912814832097
1007,18.914544,-0.3108867730114899,0.5606870222031783,6.279912814832097
1008,18.929512,-0.30543261909900765,0.5585053606381855,6.281003645614594
1009,18.941968,-0.31306843457648287,0.5585053606381855,0.002181661564992912
1010,18.95658,-0.3196134192714616,0.5585053606381855,0.00545415391248228
1011,18.972124,-0.32615840396644036,0.5552328682906961,0.007635815477475192
1012,18.985368,-0.3337942194439155,0.5563236990731926,0.007635815477475192
1013,18.999564,-0.33488505022641196,0.557414529855689,0.008726646259971648
